image,label,reason
ISIC_0000000,1,missing_verified_lesion_id
ISIC_0000001,1,missing_verified_lesion_id
ISIC_0000002,0,missing_verified_lesion_id
ISIC_0000003,1,missing_verified_lesion_id
ISIC_0000004,0,missing_verified_lesion_id
ISIC_0000006,1,missing_verified_lesion_id
ISIC_0000007,1,missing_verified_lesion_id
ISIC_0000008,1,missing_verified_lesion_id
ISIC_0000009,1,missing_verified_lesion_id
ISIC_0000010,1,missing_verified_lesion_id
ISIC_0000011,1,missing_verified_lesion_id
ISIC_0000012,1,missing_verified_lesion_id
ISIC_0000013,0,missing_verified_lesion_id
ISIC_0000014,1,missing_verified_lesion_id
ISIC_0000015,1,missing_verified_lesion_id
ISIC_0000016,1,missing_verified_lesion_id
ISIC_0000017_downsampled,1,missing_verified_lesion_id
ISIC_0000018_downsampled,1,missing_verified_lesion_id
ISIC_0000019_downsampled,1,missing_verified_lesion_id
ISIC_0000020_downsampled,1,missing_verified_lesion_id
ISIC_0000021_downsampled,1,missing_verified_lesion_id
ISIC_0000022_downsampled,0,missing_verified_lesion_id
ISIC_0000023_downsampled,1,missing_verified_lesion_id
ISIC_0000024_downsampled,1,missing_verified_lesion_id
ISIC_0000025_downsampled,1,missing_verified_lesion_id
ISIC_0000026_downsampled,0,missing_verified_lesion_id
ISIC_0000027_downsampled,1,missing_verified_lesion_id
ISIC_0000028_downsampled,1,missing_verified_lesion_id
ISIC_0000029_downsampled,0,missing_verified_lesion_id
ISIC_0000030_downsampled,0,missing_verified_lesion_id
ISIC_0000031_downsampled,0,missing_verified_lesion_id
ISIC_0000032_downsampled,1,missing_verified_lesion_id
ISIC_0000034_downsampled,1,missing_verified_lesion_id
ISIC_0000035_downsampled,0,missing_verified_lesion_id
ISIC_0000036_downsampled,0,missing_verified_lesion_id
ISIC_0000037_downsampled,1,missing_verified_lesion_id
ISIC_0000038_downsampled,1,missing_verified_lesion_id
ISIC_0000039_downsampled,1,missing_verified_lesion_id
ISIC_0000040_downsampled,0,missing_verified_lesion_id
ISIC_0000041_downsampled,1,missing_verified_lesion_id
ISIC_0000042_downsampled,1,missing_verified_lesion_id
ISIC_0000043_downsampled,0,missing_verified_lesion_id
ISIC_0000044_downsampled,1,missing_verified_lesion_id
ISIC_0000045_downsampled,1,missing_verified_lesion_id
ISIC_0000046_downsampled,0,missing_verified_lesion_id
ISIC_0000047_downsampled,1,missing_verified_lesion_id
ISIC_0000048_downsampled,1,missing_verified_lesion_id
ISIC_0000049_downsampled,0,missing_verified_lesion_id
ISIC_0000050_downsampled,1,missing_verified_lesion_id
ISIC_0000051_downsampled,1,missing_verified_lesion_id
ISIC_0000052_downsampled,1,missing_verified_lesion_id
ISIC_0000053_downsampled,1,missing_verified_lesion_id
ISIC_0000054_downsampled,0,missing_verified_lesion_id
ISIC_0000055_downsampled,1,missing_verified_lesion_id
ISIC_0000056_downsampled,0,missing_verified_lesion_id
ISIC_0000057_downsampled,1,missing_verified_lesion_id
ISIC_0000058_downsampled,1,missing_verified_lesion_id
ISIC_0000059_downsampled,1,missing_verified_lesion_id
ISIC_0000060_downsampled,1,missing_verified_lesion_id
ISIC_0000061_downsampled,1,missing_verified_lesion_id
ISIC_0000062_downsampled,1,missing_verified_lesion_id
ISIC_0000063_downsampled,1,missing_verified_lesion_id
ISIC_0000064_downsampled,1,missing_verified_lesion_id
ISIC_0000065_downsampled,1,missing_verified_lesion_id
ISIC_0000066,1,missing_verified_lesion_id
ISIC_0000067,1,missing_verified_lesion_id
ISIC_0000068,1,missing_verified_lesion_id
ISIC_0000069,1,missing_verified_lesion_id
ISIC_0000071,1,missing_verified_lesion_id
ISIC_0000072,1,missing_verified_lesion_id
ISIC_0000073,1,missing_verified_lesion_id
ISIC_0000074,0,missing_verified_lesion_id
ISIC_0000075,1,missing_verified_lesion_id
ISIC_0000077_downsampled,0,missing_verified_lesion_id
ISIC_0000078_downsampled,0,missing_verified_lesion_id
ISIC_0000079_downsampled,1,missing_verified_lesion_id
ISIC_0000080_downsampled,1,missing_verified_lesion_id
ISIC_0000081_downsampled,1,missing_verified_lesion_id
ISIC_0000082_downsampled,1,missing_verified_lesion_id
ISIC_0000085_downsampled,1,missing_verified_lesion_id
ISIC_0000086_downsampled,1,missing_verified_lesion_id
ISIC_0000087_downsampled,1,missing_verified_lesion_id
ISIC_0000088_downsampled,1,missing_verified_lesion_id
ISIC_0000089_downsampled,1,missing_verified_lesion_id
ISIC_0000091_downsampled,1,missing_verified_lesion_id
ISIC_0000092_downsampled,1,missing_verified_lesion_id
ISIC_0000093_downsampled,1,missing_verified_lesion_id
ISIC_0000094_downsampled,1,missing_verified_lesion_id
ISIC_0000095_downsampled,1,missing_verified_lesion_id
ISIC_0000096_downsampled,1,missing_verified_lesion_id
ISIC_0000097_downsampled,1,missing_verified_lesion_id
ISIC_0000098_downsampled,1,missing_verified_lesion_id
ISIC_0000099_downsampled,1,missing_verified_lesion_id
ISIC_0000100_downsampled,1,missing_verified_lesion_id
ISIC_0000101_downsampled,1,missing_verified_lesion_id
ISIC_0000102_downsampled,1,missing_verified_lesion_id
ISIC_0000103_downsampled,1,missing_verified_lesion_id
ISIC_0000104_downsampled,1,missing_verified_lesion_id
ISIC_0000105_downsampled,1,missing_verified_lesion_id
ISIC_0000107_downsampled,1,missing_verified_lesion_id
ISIC_0000108_downsampled,1,missing_verified_lesion_id
ISIC_0000109_downsampled,1,missing_verified_lesion_id
ISIC_0000110_downsampled,1,missing_verified_lesion_id
ISIC_0000111_downsampled,1,missing_verified_lesion_id
ISIC_0000112_downsampled,1,missing_verified_lesion_id
ISIC_0000113_downsampled,1,missing_verified_lesion_id
ISIC_0000114_downsampled,1,missing_verified_lesion_id
ISIC_0000115_downsampled,1,missing_verified_lesion_id
ISIC_0000116_downsampled,1,missing_verified_lesion_id
ISIC_0000117_downsampled,1,missing_verified_lesion_id
ISIC_0000118_downsampled,1,missing_verified_lesion_id
ISIC_0000119_downsampled,1,missing_verified_lesion_id
ISIC_0000120_downsampled,1,missing_verified_lesion_id
ISIC_0000121_downsampled,1,missing_verified_lesion_id
ISIC_0000122_downsampled,1,missing_verified_lesion_id
ISIC_0000123_downsampled,1,missing_verified_lesion_id
ISIC_0000124_downsampled,1,missing_verified_lesion_id
ISIC_0000125_downsampled,1,missing_verified_lesion_id
ISIC_0000126_downsampled,1,missing_verified_lesion_id
ISIC_0000127_downsampled,1,missing_verified_lesion_id
ISIC_0000128_downsampled,1,missing_verified_lesion_id
ISIC_0000129_downsampled,1,missing_verified_lesion_id
ISIC_0000130_downsampled,1,missing_verified_lesion_id
ISIC_0000131_downsampled,1,missing_verified_lesion_id
ISIC_0000132_downsampled,1,missing_verified_lesion_id
ISIC_0000133_downsampled,1,missing_verified_lesion_id
ISIC_0000134_downsampled,1,missing_verified_lesion_id
ISIC_0000135_downsampled,1,missing_verified_lesion_id
ISIC_0000136_downsampled,1,missing_verified_lesion_id
ISIC_0000137_downsampled,1,missing_verified_lesion_id
ISIC_0000138_downsampled,1,missing_verified_lesion_id
ISIC_0000139_downsampled,0,missing_verified_lesion_id
ISIC_0000140_downsampled,0,missing_verified_lesion_id
ISIC_0000141_downsampled,0,missing_verified_lesion_id
ISIC_0000142_downsampled,0,missing_verified_lesion_id
ISIC_0000143_downsampled,0,missing_verified_lesion_id
ISIC_0000145_downsampled,0,missing_verified_lesion_id
ISIC_0000146_downsampled,0,missing_verified_lesion_id
ISIC_0000147_downsampled,0,missing_verified_lesion_id
ISIC_0000148_downsampled,0,missing_verified_lesion_id
ISIC_0000149_downsampled,0,missing_verified_lesion_id
ISIC_0000150_downsampled,0,missing_verified_lesion_id
ISIC_0000151_downsampled,0,missing_verified_lesion_id
ISIC_0000152_downsampled,0,missing_verified_lesion_id
ISIC_0000153_downsampled,0,missing_verified_lesion_id
ISIC_0000154_downsampled,0,missing_verified_lesion_id
ISIC_0000155_downsampled,0,missing_verified_lesion_id
ISIC_0000156_downsampled,0,missing_verified_lesion_id
ISIC_0000157,0,missing_verified_lesion_id
ISIC_0000159,0,missing_verified_lesion_id
ISIC_0000160,0,missing_verified_lesion_id
ISIC_0000161,0,missing_verified_lesion_id
ISIC_0000162,0,missing_verified_lesion_id
ISIC_0000163,0,missing_verified_lesion_id
ISIC_0000164,0,missing_verified_lesion_id
ISIC_0000165,0,missing_verified_lesion_id
ISIC_0000166,0,missing_verified_lesion_id
ISIC_0000167,0,missing_verified_lesion_id
ISIC_0000169,0,missing_verified_lesion_id
ISIC_0000170,0,missing_verified_lesion_id
ISIC_0000171,0,missing_verified_lesion_id
ISIC_0000172,0,missing_verified_lesion_id
ISIC_0000173,0,missing_verified_lesion_id
ISIC_0000174,0,missing_verified_lesion_id
ISIC_0000175,0,missing_verified_lesion_id
ISIC_0000176_downsampled,0,missing_verified_lesion_id
ISIC_0000177_downsampled,1,missing_verified_lesion_id
ISIC_0000179_downsampled,1,missing_verified_lesion_id
ISIC_0000181_downsampled,1,missing_verified_lesion_id
ISIC_0000182_downsampled,1,missing_verified_lesion_id
ISIC_0000183_downsampled,1,missing_verified_lesion_id
ISIC_0000184_downsampled,1,missing_verified_lesion_id
ISIC_0000185_downsampled,1,missing_verified_lesion_id
ISIC_0000186_downsampled,1,missing_verified_lesion_id
ISIC_0000187,1,missing_verified_lesion_id
ISIC_0000188_downsampled,1,missing_verified_lesion_id
ISIC_0000189_downsampled,1,missing_verified_lesion_id
ISIC_0000190,1,missing_verified_lesion_id
ISIC_0000191_downsampled,1,missing_verified_lesion_id
ISIC_0000192_downsampled,1,missing_verified_lesion_id
ISIC_0000193_downsampled,1,missing_verified_lesion_id
ISIC_0000195_downsampled,1,missing_verified_lesion_id
ISIC_0000196_downsampled,1,missing_verified_lesion_id
ISIC_0000197_downsampled,1,missing_verified_lesion_id
ISIC_0000198,1,missing_verified_lesion_id
ISIC_0000199,1,missing_verified_lesion_id
ISIC_0000200,1,missing_verified_lesion_id
ISIC_0000201_downsampled,1,missing_verified_lesion_id
ISIC_0000202_downsampled,1,missing_verified_lesion_id
ISIC_0000203_downsampled,1,missing_verified_lesion_id
ISIC_0000204_downsampled,1,missing_verified_lesion_id
ISIC_0000205_downsampled,1,missing_verified_lesion_id
ISIC_0000206_downsampled,1,missing_verified_lesion_id
ISIC_0000207_downsampled,1,missing_verified_lesion_id
ISIC_0000208_downsampled,1,missing_verified_lesion_id
ISIC_0000209,1,missing_verified_lesion_id
ISIC_0000210,1,missing_verified_lesion_id
ISIC_0000211,1,missing_verified_lesion_id
ISIC_0000212,1,missing_verified_lesion_id
ISIC_0000213,1,missing_verified_lesion_id
ISIC_0000214,1,missing_verified_lesion_id
ISIC_0000215,1,missing_verified_lesion_id
ISIC_0000216,1,missing_verified_lesion_id
ISIC_0000217,1,missing_verified_lesion_id
ISIC_0000218_downsampled,1,missing_verified_lesion_id
ISIC_0000219,1,missing_verified_lesion_id
ISIC_0000220,1,missing_verified_lesion_id
ISIC_0000221,1,missing_verified_lesion_id
ISIC_0000222,1,missing_verified_lesion_id
ISIC_0000223,1,missing_verified_lesion_id
ISIC_0000224,1,missing_verified_lesion_id
ISIC_0000225,1,missing_verified_lesion_id
ISIC_0000226,1,missing_verified_lesion_id
ISIC_0000227,1,missing_verified_lesion_id
ISIC_0000228,1,missing_verified_lesion_id
ISIC_0000229,1,missing_verified_lesion_id
ISIC_0000230,1,missing_verified_lesion_id
ISIC_0000231,1,missing_verified_lesion_id
ISIC_0000232,1,missing_verified_lesion_id
ISIC_0000233,1,missing_verified_lesion_id
ISIC_0000234,1,missing_verified_lesion_id
ISIC_0000235,1,missing_verified_lesion_id
ISIC_0000236,1,missing_verified_lesion_id
ISIC_0000237,1,missing_verified_lesion_id
ISIC_0000239,1,missing_verified_lesion_id
ISIC_0000240,1,missing_verified_lesion_id
ISIC_0000242,1,missing_verified_lesion_id
ISIC_0000243,1,missing_verified_lesion_id
ISIC_0000244,1,missing_verified_lesion_id
ISIC_0000245,1,missing_verified_lesion_id
ISIC_0000246,1,missing_verified_lesion_id
ISIC_0000247,1,missing_verified_lesion_id
ISIC_0000249,1,missing_verified_lesion_id
ISIC_0000250,1,missing_verified_lesion_id
ISIC_0000251,1,missing_verified_lesion_id
ISIC_0000252,1,missing_verified_lesion_id
ISIC_0000253,1,missing_verified_lesion_id
ISIC_0000254,1,missing_verified_lesion_id
ISIC_0000255,1,missing_verified_lesion_id
ISIC_0000256,1,missing_verified_lesion_id
ISIC_0000258,1,missing_verified_lesion_id
ISIC_0000259,1,missing_verified_lesion_id
ISIC_0000260,1,missing_verified_lesion_id
ISIC_0000261,1,missing_verified_lesion_id
ISIC_0000262,1,missing_verified_lesion_id
ISIC_0000263,1,missing_verified_lesion_id
ISIC_0000264,1,missing_verified_lesion_id
ISIC_0000265,1,missing_verified_lesion_id
ISIC_0000268,1,missing_verified_lesion_id
ISIC_0000269,1,missing_verified_lesion_id
ISIC_0000271,1,missing_verified_lesion_id
ISIC_0000274,1,missing_verified_lesion_id
ISIC_0000275,1,missing_verified_lesion_id
ISIC_0000276,0,missing_verified_lesion_id
ISIC_0000277,0,missing_verified_lesion_id
ISIC_0000278,0,missing_verified_lesion_id
ISIC_0000279,0,missing_verified_lesion_id
ISIC_0000281,0,missing_verified_lesion_id
ISIC_0000282,0,missing_verified_lesion_id
ISIC_0000283,0,missing_verified_lesion_id
ISIC_0000285,0,missing_verified_lesion_id
ISIC_0000287,0,missing_verified_lesion_id
ISIC_0000288,0,missing_verified_lesion_id
ISIC_0000289,0,missing_verified_lesion_id
ISIC_0000290,0,missing_verified_lesion_id
ISIC_0000292,0,missing_verified_lesion_id
ISIC_0000293,0,missing_verified_lesion_id
ISIC_0000294,0,missing_verified_lesion_id
ISIC_0000295,0,missing_verified_lesion_id
ISIC_0000297,0,missing_verified_lesion_id
ISIC_0000298,0,missing_verified_lesion_id
ISIC_0000299,0,missing_verified_lesion_id
ISIC_0000300,0,missing_verified_lesion_id
ISIC_0000301,0,missing_verified_lesion_id
ISIC_0000302,0,missing_verified_lesion_id
ISIC_0000303,0,missing_verified_lesion_id
ISIC_0000306,0,missing_verified_lesion_id
ISIC_0000307,0,missing_verified_lesion_id
ISIC_0000310,0,missing_verified_lesion_id
ISIC_0000311,0,missing_verified_lesion_id
ISIC_0000313,0,missing_verified_lesion_id
ISIC_0000314,0,missing_verified_lesion_id
ISIC_0000315,1,missing_verified_lesion_id
ISIC_0000316,1,missing_verified_lesion_id
ISIC_0000317,1,missing_verified_lesion_id
ISIC_0000319,1,missing_verified_lesion_id
ISIC_0000320,1,missing_verified_lesion_id
ISIC_0000321,1,missing_verified_lesion_id
ISIC_0000322,1,missing_verified_lesion_id
ISIC_0000323,1,missing_verified_lesion_id
ISIC_0000324,1,missing_verified_lesion_id
ISIC_0000325,1,missing_verified_lesion_id
ISIC_0000326,1,missing_verified_lesion_id
ISIC_0000327,1,missing_verified_lesion_id
ISIC_0000328,1,missing_verified_lesion_id
ISIC_0000329,1,missing_verified_lesion_id
ISIC_0000330,1,missing_verified_lesion_id
ISIC_0000331,1,missing_verified_lesion_id
ISIC_0000332,1,missing_verified_lesion_id
ISIC_0000333,1,missing_verified_lesion_id
ISIC_0000336,1,missing_verified_lesion_id
ISIC_0000337,1,missing_verified_lesion_id
ISIC_0000338,1,missing_verified_lesion_id
ISIC_0000339,1,missing_verified_lesion_id
ISIC_0000340,1,missing_verified_lesion_id
ISIC_0000341,1,missing_verified_lesion_id
ISIC_0000342,1,missing_verified_lesion_id
ISIC_0000343,1,missing_verified_lesion_id
ISIC_0000344,1,missing_verified_lesion_id
ISIC_0000345,1,missing_verified_lesion_id
ISIC_0000346,1,missing_verified_lesion_id
ISIC_0000347,1,missing_verified_lesion_id
ISIC_0000348,1,missing_verified_lesion_id
ISIC_0000349,1,missing_verified_lesion_id
ISIC_0000350,1,missing_verified_lesion_id
ISIC_0000351,1,missing_verified_lesion_id
ISIC_0000352,1,missing_verified_lesion_id
ISIC_0000353,1,missing_verified_lesion_id
ISIC_0000354,1,missing_verified_lesion_id
ISIC_0000355,1,missing_verified_lesion_id
ISIC_0000357,1,missing_verified_lesion_id
ISIC_0000358,1,missing_verified_lesion_id
ISIC_0000359,1,missing_verified_lesion_id
ISIC_0000360,1,missing_verified_lesion_id
ISIC_0000361,1,missing_verified_lesion_id
ISIC_0000363,1,missing_verified_lesion_id
ISIC_0000364,1,missing_verified_lesion_id
ISIC_0000365,1,missing_verified_lesion_id
ISIC_0000366,1,missing_verified_lesion_id
ISIC_0000367,1,missing_verified_lesion_id
ISIC_0000368,1,missing_verified_lesion_id
ISIC_0000369,1,missing_verified_lesion_id
ISIC_0000370,1,missing_verified_lesion_id
ISIC_0000371,1,missing_verified_lesion_id
ISIC_0000372,1,missing_verified_lesion_id
ISIC_0000374,1,missing_verified_lesion_id
ISIC_0000376_downsampled,1,missing_verified_lesion_id
ISIC_0000377_downsampled,1,missing_verified_lesion_id
ISIC_0000378_downsampled,1,missing_verified_lesion_id
ISIC_0000379_downsampled,1,missing_verified_lesion_id
ISIC_0000380_downsampled,1,missing_verified_lesion_id
ISIC_0000381_downsampled,1,missing_verified_lesion_id
ISIC_0000382_downsampled,1,missing_verified_lesion_id
ISIC_0000383_downsampled,1,missing_verified_lesion_id
ISIC_0000384_downsampled,1,missing_verified_lesion_id
ISIC_0000385_downsampled,1,missing_verified_lesion_id
ISIC_0000386_downsampled,1,missing_verified_lesion_id
ISIC_0000387_downsampled,1,missing_verified_lesion_id
ISIC_0000388_downsampled,1,missing_verified_lesion_id
ISIC_0000390_downsampled,0,missing_verified_lesion_id
ISIC_0000391_downsampled,1,missing_verified_lesion_id
ISIC_0000392_downsampled,1,missing_verified_lesion_id
ISIC_0000393_downsampled,0,missing_verified_lesion_id
ISIC_0000395_downsampled,0,missing_verified_lesion_id
ISIC_0000396_downsampled,1,missing_verified_lesion_id
ISIC_0000397_downsampled,1,missing_verified_lesion_id
ISIC_0000403_downsampled,1,missing_verified_lesion_id
ISIC_0000407_downsampled,1,missing_verified_lesion_id
ISIC_0000408_downsampled,1,missing_verified_lesion_id
ISIC_0000409_downsampled,1,missing_verified_lesion_id
ISIC_0000410_downsampled,0,missing_verified_lesion_id
ISIC_0000412_downsampled,0,missing_verified_lesion_id
ISIC_0000413_downsampled,0,missing_verified_lesion_id
ISIC_0000415_downsampled,0,missing_verified_lesion_id
ISIC_0000416_downsampled,1,missing_verified_lesion_id
ISIC_0000418_downsampled,1,missing_verified_lesion_id
ISIC_0000419_downsampled,1,missing_verified_lesion_id
ISIC_0000420_downsampled,0,missing_verified_lesion_id
ISIC_0000421_downsampled,1,missing_verified_lesion_id
ISIC_0000423_downsampled,1,missing_verified_lesion_id
ISIC_0000425_downsampled,1,missing_verified_lesion_id
ISIC_0000426_downsampled,1,missing_verified_lesion_id
ISIC_0000427_downsampled,1,missing_verified_lesion_id
ISIC_0000431_downsampled,1,missing_verified_lesion_id
ISIC_0000433_downsampled,1,missing_verified_lesion_id
ISIC_0000434_downsampled,0,missing_verified_lesion_id
ISIC_0000436_downsampled,1,missing_verified_lesion_id
ISIC_0000439_downsampled,1,missing_verified_lesion_id
ISIC_0000442_downsampled,1,missing_verified_lesion_id
ISIC_0000443_downsampled,1,missing_verified_lesion_id
ISIC_0000444_downsampled,0,missing_verified_lesion_id
ISIC_0000445_downsampled,0,missing_verified_lesion_id
ISIC_0000447_downsampled,1,missing_verified_lesion_id
ISIC_0000448_downsampled,1,missing_verified_lesion_id
ISIC_0000449_downsampled,1,missing_verified_lesion_id
ISIC_0000451_downsampled,1,missing_verified_lesion_id
ISIC_0000452_downsampled,1,missing_verified_lesion_id
ISIC_0000453_downsampled,1,missing_verified_lesion_id
ISIC_0000455_downsampled,1,missing_verified_lesion_id
ISIC_0000456_downsampled,1,missing_verified_lesion_id
ISIC_0000457_downsampled,1,missing_verified_lesion_id
ISIC_0000458,1,missing_verified_lesion_id
ISIC_0000460,1,missing_verified_lesion_id
ISIC_0000461,1,missing_verified_lesion_id
ISIC_0000463_downsampled,0,missing_verified_lesion_id
ISIC_0000465,1,missing_verified_lesion_id
ISIC_0000466,0,missing_verified_lesion_id
ISIC_0000467,1,missing_verified_lesion_id
ISIC_0000468,1,missing_verified_lesion_id
ISIC_0000469,0,missing_verified_lesion_id
ISIC_0000470,1,missing_verified_lesion_id
ISIC_0000471,1,missing_verified_lesion_id
ISIC_0000473_downsampled,1,missing_verified_lesion_id
ISIC_0000474,1,missing_verified_lesion_id
ISIC_0000475,1,missing_verified_lesion_id
ISIC_0000476,1,missing_verified_lesion_id
ISIC_0000477,1,missing_verified_lesion_id
ISIC_0000478,1,missing_verified_lesion_id
ISIC_0000479,1,missing_verified_lesion_id
ISIC_0000480,1,missing_verified_lesion_id
ISIC_0000481,1,missing_verified_lesion_id
ISIC_0000482,0,missing_verified_lesion_id
ISIC_0000483,1,missing_verified_lesion_id
ISIC_0000484,0,missing_verified_lesion_id
ISIC_0000485,1,missing_verified_lesion_id
ISIC_0000486,1,missing_verified_lesion_id
ISIC_0000487,0,missing_verified_lesion_id
ISIC_0000488,1,missing_verified_lesion_id
ISIC_0000489,1,missing_verified_lesion_id
ISIC_0000490,1,missing_verified_lesion_id
ISIC_0000491,1,missing_verified_lesion_id
ISIC_0000492,1,missing_verified_lesion_id
ISIC_0000493,1,missing_verified_lesion_id
ISIC_0000494,1,missing_verified_lesion_id
ISIC_0000495,1,missing_verified_lesion_id
ISIC_0000496,1,missing_verified_lesion_id
ISIC_0000498,1,missing_verified_lesion_id
ISIC_0000499,1,missing_verified_lesion_id
ISIC_0000500,1,missing_verified_lesion_id
ISIC_0000501,1,missing_verified_lesion_id
ISIC_0000503,1,missing_verified_lesion_id
ISIC_0000504_downsampled,1,missing_verified_lesion_id
ISIC_0000505,1,missing_verified_lesion_id
ISIC_0000506,1,missing_verified_lesion_id
ISIC_0000507,1,missing_verified_lesion_id
ISIC_0000508,1,missing_verified_lesion_id
ISIC_0000509,1,missing_verified_lesion_id
ISIC_0000510,1,missing_verified_lesion_id
ISIC_0000511,0,missing_verified_lesion_id
ISIC_0000513,0,missing_verified_lesion_id
ISIC_0000514,1,missing_verified_lesion_id
ISIC_0000515,1,missing_verified_lesion_id
ISIC_0000516,0,missing_verified_lesion_id
ISIC_0000517,0,missing_verified_lesion_id
ISIC_0000518,0,missing_verified_lesion_id
ISIC_0000519_downsampled,0,missing_verified_lesion_id
ISIC_0000520_downsampled,0,missing_verified_lesion_id
ISIC_0000521_downsampled,0,missing_verified_lesion_id
ISIC_0000522,0,missing_verified_lesion_id
ISIC_0000523,1,missing_verified_lesion_id
ISIC_0000524,1,missing_verified_lesion_id
ISIC_0000525,1,missing_verified_lesion_id
ISIC_0000527,1,missing_verified_lesion_id
ISIC_0000528,1,missing_verified_lesion_id
ISIC_0000529_downsampled,1,missing_verified_lesion_id
ISIC_0000530,1,missing_verified_lesion_id
ISIC_0000531,0,missing_verified_lesion_id
ISIC_0000532,1,missing_verified_lesion_id
ISIC_0000533,0,missing_verified_lesion_id
ISIC_0000534,1,missing_verified_lesion_id
ISIC_0000535,1,missing_verified_lesion_id
ISIC_0000536,1,missing_verified_lesion_id
ISIC_0000537,1,missing_verified_lesion_id
ISIC_0000538,1,missing_verified_lesion_id
ISIC_0000539,1,missing_verified_lesion_id
ISIC_0000540,1,missing_verified_lesion_id
ISIC_0000541,1,missing_verified_lesion_id
ISIC_0000542,1,missing_verified_lesion_id
ISIC_0000543,1,missing_verified_lesion_id
ISIC_0000544,1,missing_verified_lesion_id
ISIC_0000545,1,missing_verified_lesion_id
ISIC_0000546,1,missing_verified_lesion_id
ISIC_0000547,0,missing_verified_lesion_id
ISIC_0000548,0,missing_verified_lesion_id
ISIC_0000549,0,missing_verified_lesion_id
ISIC_0000550,0,missing_verified_lesion_id
ISIC_0000551,0,missing_verified_lesion_id
ISIC_0000552,0,missing_verified_lesion_id
ISIC_0000554,0,missing_verified_lesion_id
ISIC_0000555,0,missing_verified_lesion_id
ISIC_0000556,1,missing_verified_lesion_id
ISIC_0000882_downsampled,1,missing_verified_lesion_id
ISIC_0000900_downsampled,1,missing_verified_lesion_id
ISIC_0000999_downsampled,1,missing_verified_lesion_id
ISIC_0001100_downsampled,0,missing_verified_lesion_id
ISIC_0001102_downsampled,0,missing_verified_lesion_id
ISIC_0001103_downsampled,0,missing_verified_lesion_id
ISIC_0001105_downsampled,0,missing_verified_lesion_id
ISIC_0001106_downsampled,0,missing_verified_lesion_id
ISIC_0001118_downsampled,0,missing_verified_lesion_id
ISIC_0001119_downsampled,0,missing_verified_lesion_id
ISIC_0001126_downsampled,0,missing_verified_lesion_id
ISIC_0001128_downsampled,0,missing_verified_lesion_id
ISIC_0001131_downsampled,0,missing_verified_lesion_id
ISIC_0001133_downsampled,0,missing_verified_lesion_id
ISIC_0001134_downsampled,0,missing_verified_lesion_id
ISIC_0001140_downsampled,0,missing_verified_lesion_id
ISIC_0001142_downsampled,0,missing_verified_lesion_id
ISIC_0001148_downsampled,0,missing_verified_lesion_id
ISIC_0001152_downsampled,0,missing_verified_lesion_id
ISIC_0001163_downsampled,1,missing_verified_lesion_id
ISIC_0001181_downsampled,1,missing_verified_lesion_id
ISIC_0001184_downsampled,1,missing_verified_lesion_id
ISIC_0001185_downsampled,1,missing_verified_lesion_id
ISIC_0001186_downsampled,1,missing_verified_lesion_id
ISIC_0001187_downsampled,1,missing_verified_lesion_id
ISIC_0001188_downsampled,1,missing_verified_lesion_id
ISIC_0001190_downsampled,1,missing_verified_lesion_id
ISIC_0001191_downsampled,1,missing_verified_lesion_id
ISIC_0001204_downsampled,1,missing_verified_lesion_id
ISIC_0001212_downsampled,1,missing_verified_lesion_id
ISIC_0001213_downsampled,1,missing_verified_lesion_id
ISIC_0001216_downsampled,1,missing_verified_lesion_id
ISIC_0001242_downsampled,1,missing_verified_lesion_id
ISIC_0001247_downsampled,1,missing_verified_lesion_id
ISIC_0001254_downsampled,1,missing_verified_lesion_id
ISIC_0001262_downsampled,1,missing_verified_lesion_id
ISIC_0001267_downsampled,1,missing_verified_lesion_id
ISIC_0001275_downsampled,1,missing_verified_lesion_id
ISIC_0001286_downsampled,1,missing_verified_lesion_id
ISIC_0001292_downsampled,1,missing_verified_lesion_id
ISIC_0001296_downsampled,1,missing_verified_lesion_id
ISIC_0001299_downsampled,1,missing_verified_lesion_id
ISIC_0001306_downsampled,1,missing_verified_lesion_id
ISIC_0001367_downsampled,1,missing_verified_lesion_id
ISIC_0001372_downsampled,1,missing_verified_lesion_id
ISIC_0001374_downsampled,1,missing_verified_lesion_id
ISIC_0001385_downsampled,1,missing_verified_lesion_id
ISIC_0001423_downsampled,1,missing_verified_lesion_id
ISIC_0001427_downsampled,1,missing_verified_lesion_id
ISIC_0001442_downsampled,1,missing_verified_lesion_id
ISIC_0001449_downsampled,1,missing_verified_lesion_id
ISIC_0001769_downsampled,1,missing_verified_lesion_id
ISIC_0001852_downsampled,1,missing_verified_lesion_id
ISIC_0001871_downsampled,1,missing_verified_lesion_id
ISIC_0001960_downsampled,1,missing_verified_lesion_id
ISIC_0002093_downsampled,1,missing_verified_lesion_id
ISIC_0002107_downsampled,1,missing_verified_lesion_id
ISIC_0002206_downsampled,1,missing_verified_lesion_id
ISIC_0002246_downsampled,1,missing_verified_lesion_id
ISIC_0002251_downsampled,1,missing_verified_lesion_id
ISIC_0002287_downsampled,1,missing_verified_lesion_id
ISIC_0002353_downsampled,1,missing_verified_lesion_id
ISIC_0002374_downsampled,1,missing_verified_lesion_id
ISIC_0002438_downsampled,1,missing_verified_lesion_id
ISIC_0002439_downsampled,1,missing_verified_lesion_id
ISIC_0002453_downsampled,1,missing_verified_lesion_id
ISIC_0002459_downsampled,1,missing_verified_lesion_id
ISIC_0002469_downsampled,1,missing_verified_lesion_id
ISIC_0002476_downsampled,1,missing_verified_lesion_id
ISIC_0002488_downsampled,1,missing_verified_lesion_id
ISIC_0002489_downsampled,1,missing_verified_lesion_id
ISIC_0002616_downsampled,1,missing_verified_lesion_id
ISIC_0002647_downsampled,1,missing_verified_lesion_id
ISIC_0002673_downsampled,1,missing_verified_lesion_id
ISIC_0002780_downsampled,1,missing_verified_lesion_id
ISIC_0002806_downsampled,1,missing_verified_lesion_id
ISIC_0002829_downsampled,1,missing_verified_lesion_id
ISIC_0002836_downsampled,1,missing_verified_lesion_id
ISIC_0002871_downsampled,1,missing_verified_lesion_id
ISIC_0002879_downsampled,1,missing_verified_lesion_id
ISIC_0002885_downsampled,1,missing_verified_lesion_id
ISIC_0002948_downsampled,1,missing_verified_lesion_id
ISIC_0002975_downsampled,1,missing_verified_lesion_id
ISIC_0002976_downsampled,1,missing_verified_lesion_id
ISIC_0003005_downsampled,1,missing_verified_lesion_id
ISIC_0003051_downsampled,1,missing_verified_lesion_id
ISIC_0003056_downsampled,1,missing_verified_lesion_id
ISIC_0003174_downsampled,1,missing_verified_lesion_id
ISIC_0003308_downsampled,1,missing_verified_lesion_id
ISIC_0003346_downsampled,1,missing_verified_lesion_id
ISIC_0003462_downsampled,1,missing_verified_lesion_id
ISIC_0003539_downsampled,1,missing_verified_lesion_id
ISIC_0003559_downsampled,1,missing_verified_lesion_id
ISIC_0003582_downsampled,1,missing_verified_lesion_id
ISIC_0003657_downsampled,1,missing_verified_lesion_id
ISIC_0003728_downsampled,1,missing_verified_lesion_id
ISIC_0003805_downsampled,1,missing_verified_lesion_id
ISIC_0004110_downsampled,1,missing_verified_lesion_id
ISIC_0004115_downsampled,1,missing_verified_lesion_id
ISIC_0004166_downsampled,1,missing_verified_lesion_id
ISIC_0004168_downsampled,1,missing_verified_lesion_id
ISIC_0004309_downsampled,1,missing_verified_lesion_id
ISIC_0004337_downsampled,1,missing_verified_lesion_id
ISIC_0004346_downsampled,1,missing_verified_lesion_id
ISIC_0004715_downsampled,1,missing_verified_lesion_id
ISIC_0004985_downsampled,1,missing_verified_lesion_id
ISIC_0005000_downsampled,1,missing_verified_lesion_id
ISIC_0005187_downsampled,1,missing_verified_lesion_id
ISIC_0005247_downsampled,1,missing_verified_lesion_id
ISIC_0005548_downsampled,1,missing_verified_lesion_id
ISIC_0005555_downsampled,1,missing_verified_lesion_id
ISIC_0005564_downsampled,1,missing_verified_lesion_id
ISIC_0005620_downsampled,1,missing_verified_lesion_id
ISIC_0005639_downsampled,1,missing_verified_lesion_id
ISIC_0005666_downsampled,1,missing_verified_lesion_id
ISIC_0005787_downsampled,1,missing_verified_lesion_id
ISIC_0006021_downsampled,1,missing_verified_lesion_id
ISIC_0006114_downsampled,1,missing_verified_lesion_id
ISIC_0006193_downsampled,1,missing_verified_lesion_id
ISIC_0006326_downsampled,1,missing_verified_lesion_id
ISIC_0006350_downsampled,1,missing_verified_lesion_id
ISIC_0006612_downsampled,1,missing_verified_lesion_id
ISIC_0006651_downsampled,1,missing_verified_lesion_id
ISIC_0006671_downsampled,1,missing_verified_lesion_id
ISIC_0006711_downsampled,1,missing_verified_lesion_id
ISIC_0006776_downsampled,1,missing_verified_lesion_id
ISIC_0006795_downsampled,1,missing_verified_lesion_id
ISIC_0006800_downsampled,1,missing_verified_lesion_id
ISIC_0006815_downsampled,1,missing_verified_lesion_id
ISIC_0006914_downsampled,1,missing_verified_lesion_id
ISIC_0006940_downsampled,1,missing_verified_lesion_id
ISIC_0006982_downsampled,1,missing_verified_lesion_id
ISIC_0007038_downsampled,1,missing_verified_lesion_id
ISIC_0007087_downsampled,1,missing_verified_lesion_id
ISIC_0007141_downsampled,1,missing_verified_lesion_id
ISIC_0007156_downsampled,1,missing_verified_lesion_id
ISIC_0007235_downsampled,1,missing_verified_lesion_id
ISIC_0007241_downsampled,1,missing_verified_lesion_id
ISIC_0007322_downsampled,1,missing_verified_lesion_id
ISIC_0007332_downsampled,1,missing_verified_lesion_id
ISIC_0007344_downsampled,1,missing_verified_lesion_id
ISIC_0007475_downsampled,1,missing_verified_lesion_id
ISIC_0007528_downsampled,1,missing_verified_lesion_id
ISIC_0007557_downsampled,1,missing_verified_lesion_id
ISIC_0007693_downsampled,1,missing_verified_lesion_id
ISIC_0007760_downsampled,1,missing_verified_lesion_id
ISIC_0007788_downsampled,1,missing_verified_lesion_id
ISIC_0007796_downsampled,1,missing_verified_lesion_id
ISIC_0008025_downsampled,1,missing_verified_lesion_id
ISIC_0008029_downsampled,1,missing_verified_lesion_id
ISIC_0008116_downsampled,1,missing_verified_lesion_id
ISIC_0008145_downsampled,1,missing_verified_lesion_id
ISIC_0008207_downsampled,1,missing_verified_lesion_id
ISIC_0008236_downsampled,1,missing_verified_lesion_id
ISIC_0008256_downsampled,1,missing_verified_lesion_id
ISIC_0008280_downsampled,1,missing_verified_lesion_id
ISIC_0008294_downsampled,1,missing_verified_lesion_id
ISIC_0008347_downsampled,1,missing_verified_lesion_id
ISIC_0008396_downsampled,1,missing_verified_lesion_id
ISIC_0008403_downsampled,1,missing_verified_lesion_id
ISIC_0008406_downsampled,1,missing_verified_lesion_id
ISIC_0008507_downsampled,1,missing_verified_lesion_id
ISIC_0008524_downsampled,1,missing_verified_lesion_id
ISIC_0008528_downsampled,1,missing_verified_lesion_id
ISIC_0008541_downsampled,1,missing_verified_lesion_id
ISIC_0008552_downsampled,1,missing_verified_lesion_id
ISIC_0008600_downsampled,1,missing_verified_lesion_id
ISIC_0008626_downsampled,1,missing_verified_lesion_id
ISIC_0008659_downsampled,1,missing_verified_lesion_id
ISIC_0008785_downsampled,1,missing_verified_lesion_id
ISIC_0008807_downsampled,1,missing_verified_lesion_id
ISIC_0008879_downsampled,1,missing_verified_lesion_id
ISIC_0008913_downsampled,1,missing_verified_lesion_id
ISIC_0008992_downsampled,1,missing_verified_lesion_id
ISIC_0008993_downsampled,1,missing_verified_lesion_id
ISIC_0008998_downsampled,1,missing_verified_lesion_id
ISIC_0009035_downsampled,1,missing_verified_lesion_id
ISIC_0009078_downsampled,1,missing_verified_lesion_id
ISIC_0009083_downsampled,1,missing_verified_lesion_id
ISIC_0009160_downsampled,1,missing_verified_lesion_id
ISIC_0009165_downsampled,1,missing_verified_lesion_id
ISIC_0009188_downsampled,1,missing_verified_lesion_id
ISIC_0009201_downsampled,1,missing_verified_lesion_id
ISIC_0009252_downsampled,1,missing_verified_lesion_id
ISIC_0009297_downsampled,1,missing_verified_lesion_id
ISIC_0009298_downsampled,1,missing_verified_lesion_id
ISIC_0009344_downsampled,1,missing_verified_lesion_id
ISIC_0009430_downsampled,1,missing_verified_lesion_id
ISIC_0009504_downsampled,1,missing_verified_lesion_id
ISIC_0009505_downsampled,1,missing_verified_lesion_id
ISIC_0009533_downsampled,1,missing_verified_lesion_id
ISIC_0009564_downsampled,1,missing_verified_lesion_id
ISIC_0009583_downsampled,1,missing_verified_lesion_id
ISIC_0009599_downsampled,1,missing_verified_lesion_id
ISIC_0009758_downsampled,1,missing_verified_lesion_id
ISIC_0009800_downsampled,1,missing_verified_lesion_id
ISIC_0009860_downsampled,1,missing_verified_lesion_id
ISIC_0009868,0,missing_verified_lesion_id
ISIC_0009869,1,missing_verified_lesion_id
ISIC_0009870,1,missing_verified_lesion_id
ISIC_0009871,1,missing_verified_lesion_id
ISIC_0009872,1,missing_verified_lesion_id
ISIC_0009873,1,missing_verified_lesion_id
ISIC_0009874,1,missing_verified_lesion_id
ISIC_0009875,1,missing_verified_lesion_id
ISIC_0009877,1,missing_verified_lesion_id
ISIC_0009879,1,missing_verified_lesion_id
ISIC_0009880,1,missing_verified_lesion_id
ISIC_0009881,1,missing_verified_lesion_id
ISIC_0009882,0,missing_verified_lesion_id
ISIC_0009883,1,missing_verified_lesion_id
ISIC_0009884,1,missing_verified_lesion_id
ISIC_0009885,1,missing_verified_lesion_id
ISIC_0009888,1,missing_verified_lesion_id
ISIC_0009889,1,missing_verified_lesion_id
ISIC_0009891,1,missing_verified_lesion_id
ISIC_0009895,1,missing_verified_lesion_id
ISIC_0009896,1,missing_verified_lesion_id
ISIC_0009897,0,missing_verified_lesion_id
ISIC_0009898,0,missing_verified_lesion_id
ISIC_0009899,1,missing_verified_lesion_id
ISIC_0009901,1,missing_verified_lesion_id
ISIC_0009902,1,missing_verified_lesion_id
ISIC_0009904,1,missing_verified_lesion_id
ISIC_0009905,0,missing_verified_lesion_id
ISIC_0009906,1,missing_verified_lesion_id
ISIC_0009909,1,missing_verified_lesion_id
ISIC_0009910,0,missing_verified_lesion_id
ISIC_0009911,1,missing_verified_lesion_id
ISIC_0009912,1,missing_verified_lesion_id
ISIC_0009914,1,missing_verified_lesion_id
ISIC_0009915,1,missing_verified_lesion_id
ISIC_0009917,1,missing_verified_lesion_id
ISIC_0009918,0,missing_verified_lesion_id
ISIC_0009919,1,missing_verified_lesion_id
ISIC_0009920,1,missing_verified_lesion_id
ISIC_0009921,1,missing_verified_lesion_id
ISIC_0009923,1,missing_verified_lesion_id
ISIC_0009925,1,missing_verified_lesion_id
ISIC_0009927,0,missing_verified_lesion_id
ISIC_0009928,1,missing_verified_lesion_id
ISIC_0009929,1,missing_verified_lesion_id
ISIC_0009930,1,missing_verified_lesion_id
ISIC_0009931,1,missing_verified_lesion_id
ISIC_0009932,1,missing_verified_lesion_id
ISIC_0009933,1,missing_verified_lesion_id
ISIC_0009934,0,missing_verified_lesion_id
ISIC_0009935,1,missing_verified_lesion_id
ISIC_0009936,1,missing_verified_lesion_id
ISIC_0009937,1,missing_verified_lesion_id
ISIC_0009938,1,missing_verified_lesion_id
ISIC_0009939,1,missing_verified_lesion_id
ISIC_0009940,1,missing_verified_lesion_id
ISIC_0009941,1,missing_verified_lesion_id
ISIC_0009942,1,missing_verified_lesion_id
ISIC_0009943,1,missing_verified_lesion_id
ISIC_0009944,1,missing_verified_lesion_id
ISIC_0009945,1,missing_verified_lesion_id
ISIC_0009946,1,missing_verified_lesion_id
ISIC_0009947,1,missing_verified_lesion_id
ISIC_0009948,1,missing_verified_lesion_id
ISIC_0009949,1,missing_verified_lesion_id
ISIC_0009950,0,missing_verified_lesion_id
ISIC_0009951,1,missing_verified_lesion_id
ISIC_0009953,1,missing_verified_lesion_id
ISIC_0009954,1,missing_verified_lesion_id
ISIC_0009955,0,missing_verified_lesion_id
ISIC_0009956,1,missing_verified_lesion_id
ISIC_0009958,1,missing_verified_lesion_id
ISIC_0009960,0,missing_verified_lesion_id
ISIC_0009961,1,missing_verified_lesion_id
ISIC_0009962,1,missing_verified_lesion_id
ISIC_0009963,1,missing_verified_lesion_id
ISIC_0009964,1,missing_verified_lesion_id
ISIC_0009965,1,missing_verified_lesion_id
ISIC_0009966,1,missing_verified_lesion_id
ISIC_0009967,1,missing_verified_lesion_id
ISIC_0009968,1,missing_verified_lesion_id
ISIC_0009969,1,missing_verified_lesion_id
ISIC_0009970,1,missing_verified_lesion_id
ISIC_0009971,0,missing_verified_lesion_id
ISIC_0009972,1,missing_verified_lesion_id
ISIC_0009973,1,missing_verified_lesion_id
ISIC_0009974,1,missing_verified_lesion_id
ISIC_0009975,1,missing_verified_lesion_id
ISIC_0009976,1,missing_verified_lesion_id
ISIC_0009977,1,missing_verified_lesion_id
ISIC_0009978,1,missing_verified_lesion_id
ISIC_0009979,1,missing_verified_lesion_id
ISIC_0009980,1,missing_verified_lesion_id
ISIC_0009981,1,missing_verified_lesion_id
ISIC_0009982,1,missing_verified_lesion_id
ISIC_0009987,1,missing_verified_lesion_id
ISIC_0009988,1,missing_verified_lesion_id
ISIC_0009990,1,missing_verified_lesion_id
ISIC_0009991,1,missing_verified_lesion_id
ISIC_0009992,0,missing_verified_lesion_id
ISIC_0009993,0,missing_verified_lesion_id
ISIC_0009994,1,missing_verified_lesion_id
ISIC_0009995,1,missing_verified_lesion_id
ISIC_0009998,1,missing_verified_lesion_id
ISIC_0010000,0,missing_verified_lesion_id
ISIC_0010002,1,missing_verified_lesion_id
ISIC_0010003,1,missing_verified_lesion_id
ISIC_0010005,1,missing_verified_lesion_id
ISIC_0010006,1,missing_verified_lesion_id
ISIC_0010009,1,missing_verified_lesion_id
ISIC_0010010,1,missing_verified_lesion_id
ISIC_0010011,0,missing_verified_lesion_id
ISIC_0010013,1,missing_verified_lesion_id
ISIC_0010014,1,missing_verified_lesion_id
ISIC_0010015,1,missing_verified_lesion_id
ISIC_0010016,0,missing_verified_lesion_id
ISIC_0010017,1,missing_verified_lesion_id
ISIC_0010018,1,missing_verified_lesion_id
ISIC_0010019,1,missing_verified_lesion_id
ISIC_0010020,1,missing_verified_lesion_id
ISIC_0010021,1,missing_verified_lesion_id
ISIC_0010022,1,missing_verified_lesion_id
ISIC_0010023,0,missing_verified_lesion_id
ISIC_0010024,0,missing_verified_lesion_id
ISIC_0010025,1,missing_verified_lesion_id
ISIC_0010028,1,missing_verified_lesion_id
ISIC_0010029,0,missing_verified_lesion_id
ISIC_0010032,1,missing_verified_lesion_id
ISIC_0010034,0,missing_verified_lesion_id
ISIC_0010036,0,missing_verified_lesion_id
ISIC_0010037,1,missing_verified_lesion_id
ISIC_0010038,1,missing_verified_lesion_id
ISIC_0010040,1,missing_verified_lesion_id
ISIC_0010041,1,missing_verified_lesion_id
ISIC_0010042,1,missing_verified_lesion_id
ISIC_0010043,1,missing_verified_lesion_id
ISIC_0010044,1,missing_verified_lesion_id
ISIC_0010046,1,missing_verified_lesion_id
ISIC_0010047,1,missing_verified_lesion_id
ISIC_0010051,1,missing_verified_lesion_id
ISIC_0010053,1,missing_verified_lesion_id
ISIC_0010054,0,missing_verified_lesion_id
ISIC_0010055,1,missing_verified_lesion_id
ISIC_0010056,0,missing_verified_lesion_id
ISIC_0010057,1,missing_verified_lesion_id
ISIC_0010058,1,missing_verified_lesion_id
ISIC_0010059,1,missing_verified_lesion_id
ISIC_0010060,1,missing_verified_lesion_id
ISIC_0010061,1,missing_verified_lesion_id
ISIC_0010062,1,missing_verified_lesion_id
ISIC_0010063,1,missing_verified_lesion_id
ISIC_0010064,1,missing_verified_lesion_id
ISIC_0010066,1,missing_verified_lesion_id
ISIC_0010067,0,missing_verified_lesion_id
ISIC_0010069,1,missing_verified_lesion_id
ISIC_0010070,1,missing_verified_lesion_id
ISIC_0010071,1,missing_verified_lesion_id
ISIC_0010073,1,missing_verified_lesion_id
ISIC_0010074,1,missing_verified_lesion_id
ISIC_0010075,1,missing_verified_lesion_id
ISIC_0010077,1,missing_verified_lesion_id
ISIC_0010078,1,missing_verified_lesion_id
ISIC_0010079,1,missing_verified_lesion_id
ISIC_0010080,0,missing_verified_lesion_id
ISIC_0010081,0,missing_verified_lesion_id
ISIC_0010086,1,missing_verified_lesion_id
ISIC_0010087,1,missing_verified_lesion_id
ISIC_0010088,1,missing_verified_lesion_id
ISIC_0010089,0,missing_verified_lesion_id
ISIC_0010090,1,missing_verified_lesion_id
ISIC_0010092,1,missing_verified_lesion_id
ISIC_0010093,1,missing_verified_lesion_id
ISIC_0010094,0,missing_verified_lesion_id
ISIC_0010100,1,missing_verified_lesion_id
ISIC_0010102,1,missing_verified_lesion_id
ISIC_0010104,1,missing_verified_lesion_id
ISIC_0010105,1,missing_verified_lesion_id
ISIC_0010168,1,missing_verified_lesion_id
ISIC_0010169,1,missing_verified_lesion_id
ISIC_0010170,1,missing_verified_lesion_id
ISIC_0010171,0,missing_verified_lesion_id
ISIC_0010173,1,missing_verified_lesion_id
ISIC_0010174,0,missing_verified_lesion_id
ISIC_0010175,0,missing_verified_lesion_id
ISIC_0010176,1,missing_verified_lesion_id
ISIC_0010177,1,missing_verified_lesion_id
ISIC_0010178,1,missing_verified_lesion_id
ISIC_0010180,1,missing_verified_lesion_id
ISIC_0010182,1,missing_verified_lesion_id
ISIC_0010183,1,missing_verified_lesion_id
ISIC_0010184,1,missing_verified_lesion_id
ISIC_0010185,1,missing_verified_lesion_id
ISIC_0010186,1,missing_verified_lesion_id
ISIC_0010187,1,missing_verified_lesion_id
ISIC_0010189,0,missing_verified_lesion_id
ISIC_0010190,1,missing_verified_lesion_id
ISIC_0010191,1,missing_verified_lesion_id
ISIC_0010192,1,missing_verified_lesion_id
ISIC_0010193,1,missing_verified_lesion_id
ISIC_0010194,0,missing_verified_lesion_id
ISIC_0010201,1,missing_verified_lesion_id
ISIC_0010202,1,missing_verified_lesion_id
ISIC_0010204,1,missing_verified_lesion_id
ISIC_0010205,1,missing_verified_lesion_id
ISIC_0010206,1,missing_verified_lesion_id
ISIC_0010207,0,missing_verified_lesion_id
ISIC_0010212,1,missing_verified_lesion_id
ISIC_0010213,1,missing_verified_lesion_id
ISIC_0010215,1,missing_verified_lesion_id
ISIC_0010216,1,missing_verified_lesion_id
ISIC_0010219,1,missing_verified_lesion_id
ISIC_0010220,1,missing_verified_lesion_id
ISIC_0010222,1,missing_verified_lesion_id
ISIC_0010225,0,missing_verified_lesion_id
ISIC_0010226,1,missing_verified_lesion_id
ISIC_0010227,1,missing_verified_lesion_id
ISIC_0010228,1,missing_verified_lesion_id
ISIC_0010229,1,missing_verified_lesion_id
ISIC_0010231,0,missing_verified_lesion_id
ISIC_0010232,1,missing_verified_lesion_id
ISIC_0010233,1,missing_verified_lesion_id
ISIC_0010234,1,missing_verified_lesion_id
ISIC_0010235,0,missing_verified_lesion_id
ISIC_0010236,1,missing_verified_lesion_id
ISIC_0010237,1,missing_verified_lesion_id
ISIC_0010238,1,missing_verified_lesion_id
ISIC_0010239,1,missing_verified_lesion_id
ISIC_0010240,0,missing_verified_lesion_id
ISIC_0010241,0,missing_verified_lesion_id
ISIC_0010244,1,missing_verified_lesion_id
ISIC_0010246,1,missing_verified_lesion_id
ISIC_0010247,1,missing_verified_lesion_id
ISIC_0010248,1,missing_verified_lesion_id
ISIC_0010249,1,missing_verified_lesion_id
ISIC_0010251,0,missing_verified_lesion_id
ISIC_0010252,1,missing_verified_lesion_id
ISIC_0010254,1,missing_verified_lesion_id
ISIC_0010255,1,missing_verified_lesion_id
ISIC_0010256,1,missing_verified_lesion_id
ISIC_0010257,1,missing_verified_lesion_id
ISIC_0010261,1,missing_verified_lesion_id
ISIC_0010262,1,missing_verified_lesion_id
ISIC_0010263,1,missing_verified_lesion_id
ISIC_0010264,1,missing_verified_lesion_id
ISIC_0010265,0,missing_verified_lesion_id
ISIC_0010267,0,missing_verified_lesion_id
ISIC_0010317,1,missing_verified_lesion_id
ISIC_0010318,1,missing_verified_lesion_id
ISIC_0010319,0,missing_verified_lesion_id
ISIC_0010320,1,missing_verified_lesion_id
ISIC_0010321,0,missing_verified_lesion_id
ISIC_0010322,0,missing_verified_lesion_id
ISIC_0010323,1,missing_verified_lesion_id
ISIC_0010326,1,missing_verified_lesion_id
ISIC_0010327,1,missing_verified_lesion_id
ISIC_0010329,0,missing_verified_lesion_id
ISIC_0010330,1,missing_verified_lesion_id
ISIC_0010332,1,missing_verified_lesion_id
ISIC_0010333,1,missing_verified_lesion_id
ISIC_0010334,1,missing_verified_lesion_id
ISIC_0010335,1,missing_verified_lesion_id
ISIC_0010336,1,missing_verified_lesion_id
ISIC_0010337,1,missing_verified_lesion_id
ISIC_0010339,1,missing_verified_lesion_id
ISIC_0010340,1,missing_verified_lesion_id
ISIC_0010341,1,missing_verified_lesion_id
ISIC_0010342,1,missing_verified_lesion_id
ISIC_0010344,1,missing_verified_lesion_id
ISIC_0010346,1,missing_verified_lesion_id
ISIC_0010347,1,missing_verified_lesion_id
ISIC_0010348,1,missing_verified_lesion_id
ISIC_0010349,0,missing_verified_lesion_id
ISIC_0010350,0,missing_verified_lesion_id
ISIC_0010351,1,missing_verified_lesion_id
ISIC_0010356,1,missing_verified_lesion_id
ISIC_0010357,1,missing_verified_lesion_id
ISIC_0010358,0,missing_verified_lesion_id
ISIC_0010360,0,missing_verified_lesion_id
ISIC_0010361,1,missing_verified_lesion_id
ISIC_0010362,1,missing_verified_lesion_id
ISIC_0010364,0,missing_verified_lesion_id
ISIC_0010365,1,missing_verified_lesion_id
ISIC_0010367,1,missing_verified_lesion_id
ISIC_0010368,1,missing_verified_lesion_id
ISIC_0010370,1,missing_verified_lesion_id
ISIC_0010371,1,missing_verified_lesion_id
ISIC_0010372,0,missing_verified_lesion_id
ISIC_0010374,1,missing_verified_lesion_id
ISIC_0010379,0,missing_verified_lesion_id
ISIC_0010380,0,missing_verified_lesion_id
ISIC_0010382,1,missing_verified_lesion_id
ISIC_0010435,1,missing_verified_lesion_id
ISIC_0010439,1,missing_verified_lesion_id
ISIC_0010440,1,missing_verified_lesion_id
ISIC_0010441,0,missing_verified_lesion_id
ISIC_0010442,1,missing_verified_lesion_id
ISIC_0010443,1,missing_verified_lesion_id
ISIC_0010444,1,missing_verified_lesion_id
ISIC_0010445,1,missing_verified_lesion_id
ISIC_0010447,1,missing_verified_lesion_id
ISIC_0010448,1,missing_verified_lesion_id
ISIC_0010449,1,missing_verified_lesion_id
ISIC_0010452,1,missing_verified_lesion_id
ISIC_0010455,1,missing_verified_lesion_id
ISIC_0010456,1,missing_verified_lesion_id
ISIC_0010457,1,missing_verified_lesion_id
ISIC_0010458,1,missing_verified_lesion_id
ISIC_0010459,1,missing_verified_lesion_id
ISIC_0010460,1,missing_verified_lesion_id
ISIC_0010461,1,missing_verified_lesion_id
ISIC_0010462,1,missing_verified_lesion_id
ISIC_0010463,1,missing_verified_lesion_id
ISIC_0010465,1,missing_verified_lesion_id
ISIC_0010466,0,missing_verified_lesion_id
ISIC_0010467,1,missing_verified_lesion_id
ISIC_0010468,0,missing_verified_lesion_id
ISIC_0010471,1,missing_verified_lesion_id
ISIC_0010472,1,missing_verified_lesion_id
ISIC_0010473,1,missing_verified_lesion_id
ISIC_0010474,1,missing_verified_lesion_id
ISIC_0010475,1,missing_verified_lesion_id
ISIC_0010476,0,missing_verified_lesion_id
ISIC_0010477,1,missing_verified_lesion_id
ISIC_0010479,1,missing_verified_lesion_id
ISIC_0010480,1,missing_verified_lesion_id
ISIC_0010481,1,missing_verified_lesion_id
ISIC_0010483,1,missing_verified_lesion_id
ISIC_0010487,1,missing_verified_lesion_id
ISIC_0010488,1,missing_verified_lesion_id
ISIC_0010490,1,missing_verified_lesion_id
ISIC_0010491,4,missing_verified_lesion_id
ISIC_0010492,1,missing_verified_lesion_id
ISIC_0010493,1,missing_verified_lesion_id
ISIC_0010494,1,missing_verified_lesion_id
ISIC_0010496,1,missing_verified_lesion_id
ISIC_0010497,1,missing_verified_lesion_id
ISIC_0010498,1,missing_verified_lesion_id
ISIC_0010552,1,missing_verified_lesion_id
ISIC_0010553,1,missing_verified_lesion_id
ISIC_0010554,1,missing_verified_lesion_id
ISIC_0010557,1,missing_verified_lesion_id
ISIC_0010558,1,missing_verified_lesion_id
ISIC_0010562,1,missing_verified_lesion_id
ISIC_0010565,1,missing_verified_lesion_id
ISIC_0010566,1,missing_verified_lesion_id
ISIC_0010567,1,missing_verified_lesion_id
ISIC_0010568,1,missing_verified_lesion_id
ISIC_0010569,1,missing_verified_lesion_id
ISIC_0010570,1,missing_verified_lesion_id
ISIC_0010571,1,missing_verified_lesion_id
ISIC_0010572,1,missing_verified_lesion_id
ISIC_0010573,1,missing_verified_lesion_id
ISIC_0010574,1,missing_verified_lesion_id
ISIC_0010575,1,missing_verified_lesion_id
ISIC_0010576,0,missing_verified_lesion_id
ISIC_0010581,1,missing_verified_lesion_id
ISIC_0010582,1,missing_verified_lesion_id
ISIC_0010584,1,missing_verified_lesion_id
ISIC_0010585,1,missing_verified_lesion_id
ISIC_0010586,1,missing_verified_lesion_id
ISIC_0010587,0,missing_verified_lesion_id
ISIC_0010588,1,missing_verified_lesion_id
ISIC_0010589,1,missing_verified_lesion_id
ISIC_0010590,1,missing_verified_lesion_id
ISIC_0010591,0,missing_verified_lesion_id
ISIC_0010592,1,missing_verified_lesion_id
ISIC_0010593,1,missing_verified_lesion_id
ISIC_0010595,1,missing_verified_lesion_id
ISIC_0010596,0,missing_verified_lesion_id
ISIC_0010597,0,missing_verified_lesion_id
ISIC_0010598,1,missing_verified_lesion_id
ISIC_0010599,1,missing_verified_lesion_id
ISIC_0010602,1,missing_verified_lesion_id
ISIC_0010603,1,missing_verified_lesion_id
ISIC_0010604,1,missing_verified_lesion_id
ISIC_0010605,1,missing_verified_lesion_id
ISIC_0010606,1,missing_verified_lesion_id
ISIC_0010607,1,missing_verified_lesion_id
ISIC_0010844,1,missing_verified_lesion_id
ISIC_0010846,1,missing_verified_lesion_id
ISIC_0010847,1,missing_verified_lesion_id
ISIC_0010848,1,missing_verified_lesion_id
ISIC_0010849,1,missing_verified_lesion_id
ISIC_0010850,1,missing_verified_lesion_id
ISIC_0010851,1,missing_verified_lesion_id
ISIC_0010852,0,missing_verified_lesion_id
ISIC_0010853,1,missing_verified_lesion_id
ISIC_0010854,1,missing_verified_lesion_id
ISIC_0010856,1,missing_verified_lesion_id
ISIC_0010857,1,missing_verified_lesion_id
ISIC_0010858,1,missing_verified_lesion_id
ISIC_0010860,0,missing_verified_lesion_id
ISIC_0010861,1,missing_verified_lesion_id
ISIC_0010862,0,missing_verified_lesion_id
ISIC_0010863,0,missing_verified_lesion_id
ISIC_0010864,1,missing_verified_lesion_id
ISIC_0011079,1,missing_verified_lesion_id
ISIC_0011081,1,missing_verified_lesion_id
ISIC_0011082,1,missing_verified_lesion_id
ISIC_0011083,1,missing_verified_lesion_id
ISIC_0011084,1,missing_verified_lesion_id
ISIC_0011085,1,missing_verified_lesion_id
ISIC_0011088,1,missing_verified_lesion_id
ISIC_0011089,1,missing_verified_lesion_id
ISIC_0011090,1,missing_verified_lesion_id
ISIC_0011092,1,missing_verified_lesion_id
ISIC_0011095,0,missing_verified_lesion_id
ISIC_0011097,1,missing_verified_lesion_id
ISIC_0011098,1,missing_verified_lesion_id
ISIC_0011099,0,missing_verified_lesion_id
ISIC_0011100,1,missing_verified_lesion_id
ISIC_0011101,1,missing_verified_lesion_id
ISIC_0011102,1,missing_verified_lesion_id
ISIC_0011104,1,missing_verified_lesion_id
ISIC_0011105,1,missing_verified_lesion_id
ISIC_0011107,1,missing_verified_lesion_id
ISIC_0011109,1,missing_verified_lesion_id
ISIC_0011110,1,missing_verified_lesion_id
ISIC_0011112,0,missing_verified_lesion_id
ISIC_0011114,1,missing_verified_lesion_id
ISIC_0011115,1,missing_verified_lesion_id
ISIC_0011117,1,missing_verified_lesion_id
ISIC_0011118,0,missing_verified_lesion_id
ISIC_0011119,1,missing_verified_lesion_id
ISIC_0011120,1,missing_verified_lesion_id
ISIC_0011121,0,missing_verified_lesion_id
ISIC_0011123,1,missing_verified_lesion_id
ISIC_0011124,1,missing_verified_lesion_id
ISIC_0011125,0,missing_verified_lesion_id
ISIC_0011126,0,missing_verified_lesion_id
ISIC_0011127,1,missing_verified_lesion_id
ISIC_0011128,0,missing_verified_lesion_id
ISIC_0011129,1,missing_verified_lesion_id
ISIC_0011130,0,missing_verified_lesion_id
ISIC_0011131,1,missing_verified_lesion_id
ISIC_0011132,0,missing_verified_lesion_id
ISIC_0011135,0,missing_verified_lesion_id
ISIC_0011136,0,missing_verified_lesion_id
ISIC_0011137,0,missing_verified_lesion_id
ISIC_0011139,0,missing_verified_lesion_id
ISIC_0011140,0,missing_verified_lesion_id
ISIC_0011143,1,missing_verified_lesion_id
ISIC_0011144,1,missing_verified_lesion_id
ISIC_0011145,1,missing_verified_lesion_id
ISIC_0011146,1,missing_verified_lesion_id
ISIC_0011149,1,missing_verified_lesion_id
ISIC_0011150,1,missing_verified_lesion_id
ISIC_0011151,0,missing_verified_lesion_id
ISIC_0011155,1,missing_verified_lesion_id
ISIC_0011156,1,missing_verified_lesion_id
ISIC_0011157,1,missing_verified_lesion_id
ISIC_0011158,0,missing_verified_lesion_id
ISIC_0011159,1,missing_verified_lesion_id
ISIC_0011161,0,missing_verified_lesion_id
ISIC_0011162,1,missing_verified_lesion_id
ISIC_0011163,0,missing_verified_lesion_id
ISIC_0011164,1,missing_verified_lesion_id
ISIC_0011165,1,missing_verified_lesion_id
ISIC_0011166,0,missing_verified_lesion_id
ISIC_0011167,1,missing_verified_lesion_id
ISIC_0011168,1,missing_verified_lesion_id
ISIC_0011169,0,missing_verified_lesion_id
ISIC_0011170,1,missing_verified_lesion_id
ISIC_0011171,1,missing_verified_lesion_id
ISIC_0011173,1,missing_verified_lesion_id
ISIC_0011176,0,missing_verified_lesion_id
ISIC_0011177,1,missing_verified_lesion_id
ISIC_0011199,1,missing_verified_lesion_id
ISIC_0011200,1,missing_verified_lesion_id
ISIC_0011202,1,missing_verified_lesion_id
ISIC_0011203,1,missing_verified_lesion_id
ISIC_0011204,1,missing_verified_lesion_id
ISIC_0011205,1,missing_verified_lesion_id
ISIC_0011207,1,missing_verified_lesion_id
ISIC_0011208,1,missing_verified_lesion_id
ISIC_0011210,0,missing_verified_lesion_id
ISIC_0011211,1,missing_verified_lesion_id
ISIC_0011212,1,missing_verified_lesion_id
ISIC_0011213,1,missing_verified_lesion_id
ISIC_0011214,1,missing_verified_lesion_id
ISIC_0011215,1,missing_verified_lesion_id
ISIC_0011217,1,missing_verified_lesion_id
ISIC_0011218,1,missing_verified_lesion_id
ISIC_0011219,1,missing_verified_lesion_id
ISIC_0011220,1,missing_verified_lesion_id
ISIC_0011223,1,missing_verified_lesion_id
ISIC_0011224,1,missing_verified_lesion_id
ISIC_0011225,1,missing_verified_lesion_id
ISIC_0011227,1,missing_verified_lesion_id
ISIC_0011228,1,missing_verified_lesion_id
ISIC_0011229,1,missing_verified_lesion_id
ISIC_0011230,1,missing_verified_lesion_id
ISIC_0011292,1,missing_verified_lesion_id
ISIC_0011294,1,missing_verified_lesion_id
ISIC_0011295,0,missing_verified_lesion_id
ISIC_0011296,1,missing_verified_lesion_id
ISIC_0011297,1,missing_verified_lesion_id
ISIC_0011298,1,missing_verified_lesion_id
ISIC_0011300,1,missing_verified_lesion_id
ISIC_0011301,1,missing_verified_lesion_id
ISIC_0011303,1,missing_verified_lesion_id
ISIC_0011304,1,missing_verified_lesion_id
ISIC_0011305,0,missing_verified_lesion_id
ISIC_0011306,1,missing_verified_lesion_id
ISIC_0011310,1,missing_verified_lesion_id
ISIC_0011315,0,missing_verified_lesion_id
ISIC_0011317,1,missing_verified_lesion_id
ISIC_0011321,1,missing_verified_lesion_id
ISIC_0011322,1,missing_verified_lesion_id
ISIC_0011323,1,missing_verified_lesion_id
ISIC_0011324,1,missing_verified_lesion_id
ISIC_0011326,1,missing_verified_lesion_id
ISIC_0011327,1,missing_verified_lesion_id
ISIC_0011328,1,missing_verified_lesion_id
ISIC_0011329,0,missing_verified_lesion_id
ISIC_0011330,1,missing_verified_lesion_id
ISIC_0011333,1,missing_verified_lesion_id
ISIC_0011334,0,missing_verified_lesion_id
ISIC_0011336,1,missing_verified_lesion_id
ISIC_0011338,1,missing_verified_lesion_id
ISIC_0011339,1,missing_verified_lesion_id
ISIC_0011341,1,missing_verified_lesion_id
ISIC_0011343,1,missing_verified_lesion_id
ISIC_0011344,0,missing_verified_lesion_id
ISIC_0011345,1,missing_verified_lesion_id
ISIC_0011347,1,missing_verified_lesion_id
ISIC_0011348,0,missing_verified_lesion_id
ISIC_0011349,0,missing_verified_lesion_id
ISIC_0011350,0,missing_verified_lesion_id
ISIC_0011352,1,missing_verified_lesion_id
ISIC_0011353,1,missing_verified_lesion_id
ISIC_0011356,0,missing_verified_lesion_id
ISIC_0011357,1,missing_verified_lesion_id
ISIC_0011358,1,missing_verified_lesion_id
ISIC_0011359,1,missing_verified_lesion_id
ISIC_0011360,1,missing_verified_lesion_id
ISIC_0011361,1,missing_verified_lesion_id
ISIC_0011362,1,missing_verified_lesion_id
ISIC_0011363,1,missing_verified_lesion_id
ISIC_0011366,0,missing_verified_lesion_id
ISIC_0011367,1,missing_verified_lesion_id
ISIC_0011372,1,missing_verified_lesion_id
ISIC_0011373,1,missing_verified_lesion_id
ISIC_0011374,0,missing_verified_lesion_id
ISIC_0011378,1,missing_verified_lesion_id
ISIC_0011382,1,missing_verified_lesion_id
ISIC_0011383,1,missing_verified_lesion_id
ISIC_0011384,1,missing_verified_lesion_id
ISIC_0011385,1,missing_verified_lesion_id
ISIC_0011386,1,missing_verified_lesion_id
ISIC_0011387,0,missing_verified_lesion_id
ISIC_0011390,0,missing_verified_lesion_id
ISIC_0011393,1,missing_verified_lesion_id
ISIC_0011397,1,missing_verified_lesion_id
ISIC_0011398,1,missing_verified_lesion_id
ISIC_0011402,1,missing_verified_lesion_id
ISIC_0012086_downsampled,4,missing_verified_lesion_id
ISIC_0012089_downsampled,1,missing_verified_lesion_id
ISIC_0012090_downsampled,4,missing_verified_lesion_id
ISIC_0012092_downsampled,1,missing_verified_lesion_id
ISIC_0012094_downsampled,1,missing_verified_lesion_id
ISIC_0012095_downsampled,1,missing_verified_lesion_id
ISIC_0012097_downsampled,1,missing_verified_lesion_id
ISIC_0012099_downsampled,0,missing_verified_lesion_id
ISIC_0012102_downsampled,1,missing_verified_lesion_id
ISIC_0012103_downsampled,4,missing_verified_lesion_id
ISIC_0012105_downsampled,1,missing_verified_lesion_id
ISIC_0012107_downsampled,1,missing_verified_lesion_id
ISIC_0012108_downsampled,1,missing_verified_lesion_id
ISIC_0012109_downsampled,1,missing_verified_lesion_id
ISIC_0012116_downsampled,1,missing_verified_lesion_id
ISIC_0012117_downsampled,4,missing_verified_lesion_id
ISIC_0012118_downsampled,1,missing_verified_lesion_id
ISIC_0012126_downsampled,1,missing_verified_lesion_id
ISIC_0012127_downsampled,1,missing_verified_lesion_id
ISIC_0012134_downsampled,4,missing_verified_lesion_id
ISIC_0012135_downsampled,1,missing_verified_lesion_id
ISIC_0012136_downsampled,4,missing_verified_lesion_id
ISIC_0012137_downsampled,0,missing_verified_lesion_id
ISIC_0012141_downsampled,1,missing_verified_lesion_id
ISIC_0012143_downsampled,4,missing_verified_lesion_id
ISIC_0012147_downsampled,1,missing_verified_lesion_id
ISIC_0012148_downsampled,1,missing_verified_lesion_id
ISIC_0012149_downsampled,1,missing_verified_lesion_id
ISIC_0012150_downsampled,1,missing_verified_lesion_id
ISIC_0012151_downsampled,0,missing_verified_lesion_id
ISIC_0012152_downsampled,1,missing_verified_lesion_id
ISIC_0012155_downsampled,4,missing_verified_lesion_id
ISIC_0012156_downsampled,1,missing_verified_lesion_id
ISIC_0012159_downsampled,1,missing_verified_lesion_id
ISIC_0012160_downsampled,1,missing_verified_lesion_id
ISIC_0012164_downsampled,1,missing_verified_lesion_id
ISIC_0012167_downsampled,1,missing_verified_lesion_id
ISIC_0012170_downsampled,4,missing_verified_lesion_id
ISIC_0012172_downsampled,4,missing_verified_lesion_id
ISIC_0012173_downsampled,4,missing_verified_lesion_id
ISIC_0012175_downsampled,1,missing_verified_lesion_id
ISIC_0012177_downsampled,1,missing_verified_lesion_id
ISIC_0012178_downsampled,4,missing_verified_lesion_id
ISIC_0012179_downsampled,1,missing_verified_lesion_id
ISIC_0012182_downsampled,1,missing_verified_lesion_id
ISIC_0012183_downsampled,4,missing_verified_lesion_id
ISIC_0012187_downsampled,1,missing_verified_lesion_id
ISIC_0012191_downsampled,1,missing_verified_lesion_id
ISIC_0012199_downsampled,4,missing_verified_lesion_id
ISIC_0012201_downsampled,1,missing_verified_lesion_id
ISIC_0012203_downsampled,1,missing_verified_lesion_id
ISIC_0012204_downsampled,4,missing_verified_lesion_id
ISIC_0012205_downsampled,1,missing_verified_lesion_id
ISIC_0012206_downsampled,1,missing_verified_lesion_id
ISIC_0012207_downsampled,4,missing_verified_lesion_id
ISIC_0012208_downsampled,0,missing_verified_lesion_id
ISIC_0012209_downsampled,1,missing_verified_lesion_id
ISIC_0012210_downsampled,4,missing_verified_lesion_id
ISIC_0012211_downsampled,1,missing_verified_lesion_id
ISIC_0012212_downsampled,1,missing_verified_lesion_id
ISIC_0012213_downsampled,1,missing_verified_lesion_id
ISIC_0012214_downsampled,4,missing_verified_lesion_id
ISIC_0012215_downsampled,4,missing_verified_lesion_id
ISIC_0012216_downsampled,1,missing_verified_lesion_id
ISIC_0012217_downsampled,4,missing_verified_lesion_id
ISIC_0012221_downsampled,1,missing_verified_lesion_id
ISIC_0012222_downsampled,1,missing_verified_lesion_id
ISIC_0012223_downsampled,4,missing_verified_lesion_id
ISIC_0012224_downsampled,4,missing_verified_lesion_id
ISIC_0012227_downsampled,4,missing_verified_lesion_id
ISIC_0012228_downsampled,1,missing_verified_lesion_id
ISIC_0012230_downsampled,1,missing_verified_lesion_id
ISIC_0012232_downsampled,1,missing_verified_lesion_id
ISIC_0012233_downsampled,1,missing_verified_lesion_id
ISIC_0012235_downsampled,1,missing_verified_lesion_id
ISIC_0012237_downsampled,4,missing_verified_lesion_id
ISIC_0012238_downsampled,4,missing_verified_lesion_id
ISIC_0012240_downsampled,4,missing_verified_lesion_id
ISIC_0012245_downsampled,4,missing_verified_lesion_id
ISIC_0012246_downsampled,1,missing_verified_lesion_id
ISIC_0012248_downsampled,4,missing_verified_lesion_id
ISIC_0012250_downsampled,1,missing_verified_lesion_id
ISIC_0012253_downsampled,1,missing_verified_lesion_id
ISIC_0012254_downsampled,4,missing_verified_lesion_id
ISIC_0012256_downsampled,1,missing_verified_lesion_id
ISIC_0012257_downsampled,1,missing_verified_lesion_id
ISIC_0012258_downsampled,0,missing_verified_lesion_id
ISIC_0012259_downsampled,1,missing_verified_lesion_id
ISIC_0012260_downsampled,1,missing_verified_lesion_id
ISIC_0012261_downsampled,1,missing_verified_lesion_id
ISIC_0012263_downsampled,1,missing_verified_lesion_id
ISIC_0012265_downsampled,4,missing_verified_lesion_id
ISIC_0012266_downsampled,4,missing_verified_lesion_id
ISIC_0012268_downsampled,1,missing_verified_lesion_id
ISIC_0012271_downsampled,1,missing_verified_lesion_id
ISIC_0012272_downsampled,4,missing_verified_lesion_id
ISIC_0012273_downsampled,4,missing_verified_lesion_id
ISIC_0012274_downsampled,1,missing_verified_lesion_id
ISIC_0012278_downsampled,1,missing_verified_lesion_id
ISIC_0012281_downsampled,1,missing_verified_lesion_id
ISIC_0012282_downsampled,4,missing_verified_lesion_id
ISIC_0012284_downsampled,1,missing_verified_lesion_id
ISIC_0012285_downsampled,1,missing_verified_lesion_id
ISIC_0012288_downsampled,0,missing_verified_lesion_id
ISIC_0012290_downsampled,0,missing_verified_lesion_id
ISIC_0012291_downsampled,4,missing_verified_lesion_id
ISIC_0012294_downsampled,4,missing_verified_lesion_id
ISIC_0012298_downsampled,0,missing_verified_lesion_id
ISIC_0012299_downsampled,4,missing_verified_lesion_id
ISIC_0012303_downsampled,1,missing_verified_lesion_id
ISIC_0012306_downsampled,1,missing_verified_lesion_id
ISIC_0012309_downsampled,1,missing_verified_lesion_id
ISIC_0012311_downsampled,1,missing_verified_lesion_id
ISIC_0012313_downsampled,1,missing_verified_lesion_id
ISIC_0012314_downsampled,4,missing_verified_lesion_id
ISIC_0012316_downsampled,1,missing_verified_lesion_id
ISIC_0012318_downsampled,1,missing_verified_lesion_id
ISIC_0012320_downsampled,1,missing_verified_lesion_id
ISIC_0012322_downsampled,1,missing_verified_lesion_id
ISIC_0012323_downsampled,4,missing_verified_lesion_id
ISIC_0012324_downsampled,1,missing_verified_lesion_id
ISIC_0012325_downsampled,1,missing_verified_lesion_id
ISIC_0012329_downsampled,4,missing_verified_lesion_id
ISIC_0012330_downsampled,4,missing_verified_lesion_id
ISIC_0012332_downsampled,1,missing_verified_lesion_id
ISIC_0012333_downsampled,1,missing_verified_lesion_id
ISIC_0012334_downsampled,1,missing_verified_lesion_id
ISIC_0012335_downsampled,1,missing_verified_lesion_id
ISIC_0012338_downsampled,1,missing_verified_lesion_id
ISIC_0012339_downsampled,1,missing_verified_lesion_id
ISIC_0012342_downsampled,4,missing_verified_lesion_id
ISIC_0012348_downsampled,0,missing_verified_lesion_id
ISIC_0012351_downsampled,1,missing_verified_lesion_id
ISIC_0012356_downsampled,0,missing_verified_lesion_id
ISIC_0012357_downsampled,1,missing_verified_lesion_id
ISIC_0012358_downsampled,4,missing_verified_lesion_id
ISIC_0012359_downsampled,4,missing_verified_lesion_id
ISIC_0012360_downsampled,1,missing_verified_lesion_id
ISIC_0012363_downsampled,1,missing_verified_lesion_id
ISIC_0012364_downsampled,4,missing_verified_lesion_id
ISIC_0012369_downsampled,0,missing_verified_lesion_id
ISIC_0012372_downsampled,4,missing_verified_lesion_id
ISIC_0012374_downsampled,1,missing_verified_lesion_id
ISIC_0012375_downsampled,4,missing_verified_lesion_id
ISIC_0012376_downsampled,1,missing_verified_lesion_id
ISIC_0012377_downsampled,4,missing_verified_lesion_id
ISIC_0012378_downsampled,1,missing_verified_lesion_id
ISIC_0012379_downsampled,4,missing_verified_lesion_id
ISIC_0012380_downsampled,4,missing_verified_lesion_id
ISIC_0012381_downsampled,1,missing_verified_lesion_id
ISIC_0012382_downsampled,0,missing_verified_lesion_id
ISIC_0012383_downsampled,4,missing_verified_lesion_id
ISIC_0012384_downsampled,1,missing_verified_lesion_id
ISIC_0012386_downsampled,4,missing_verified_lesion_id
ISIC_0012387_downsampled,4,missing_verified_lesion_id
ISIC_0012388_downsampled,4,missing_verified_lesion_id
ISIC_0012390_downsampled,4,missing_verified_lesion_id
ISIC_0012391_downsampled,0,missing_verified_lesion_id
ISIC_0012395_downsampled,0,missing_verified_lesion_id
ISIC_0012397_downsampled,4,missing_verified_lesion_id
ISIC_0012400_downsampled,1,missing_verified_lesion_id
ISIC_0012406_downsampled,1,missing_verified_lesion_id
ISIC_0012413_downsampled,1,missing_verified_lesion_id
ISIC_0012414_downsampled,4,missing_verified_lesion_id
ISIC_0012415_downsampled,4,missing_verified_lesion_id
ISIC_0012416_downsampled,4,missing_verified_lesion_id
ISIC_0012417_downsampled,4,missing_verified_lesion_id
ISIC_0012425_downsampled,0,missing_verified_lesion_id
ISIC_0012428_downsampled,4,missing_verified_lesion_id
ISIC_0012432_downsampled,4,missing_verified_lesion_id
ISIC_0012433_downsampled,4,missing_verified_lesion_id
ISIC_0012434_downsampled,0,missing_verified_lesion_id
ISIC_0012435_downsampled,0,missing_verified_lesion_id
ISIC_0012442_downsampled,1,missing_verified_lesion_id
ISIC_0012445_downsampled,1,missing_verified_lesion_id
ISIC_0012447_downsampled,4,missing_verified_lesion_id
ISIC_0012448_downsampled,4,missing_verified_lesion_id
ISIC_0012450_downsampled,0,missing_verified_lesion_id
ISIC_0012452_downsampled,4,missing_verified_lesion_id
ISIC_0012453_downsampled,1,missing_verified_lesion_id
ISIC_0012455_downsampled,4,missing_verified_lesion_id
ISIC_0012459_downsampled,4,missing_verified_lesion_id
ISIC_0012460_downsampled,1,missing_verified_lesion_id
ISIC_0012464_downsampled,1,missing_verified_lesion_id
ISIC_0012469_downsampled,4,missing_verified_lesion_id
ISIC_0012473_downsampled,4,missing_verified_lesion_id
ISIC_0012475_downsampled,4,missing_verified_lesion_id
ISIC_0012478_downsampled,4,missing_verified_lesion_id
ISIC_0012481_downsampled,1,missing_verified_lesion_id
ISIC_0012484_downsampled,1,missing_verified_lesion_id
ISIC_0012487_downsampled,1,missing_verified_lesion_id
ISIC_0012489_downsampled,1,missing_verified_lesion_id
ISIC_0012492_downsampled,4,missing_verified_lesion_id
ISIC_0012493_downsampled,1,missing_verified_lesion_id
ISIC_0012494_downsampled,1,missing_verified_lesion_id
ISIC_0012495_downsampled,1,missing_verified_lesion_id
ISIC_0012496_downsampled,1,missing_verified_lesion_id
ISIC_0012501_downsampled,4,missing_verified_lesion_id
ISIC_0012503_downsampled,1,missing_verified_lesion_id
ISIC_0012506_downsampled,1,missing_verified_lesion_id
ISIC_0012508_downsampled,1,missing_verified_lesion_id
ISIC_0012510_downsampled,4,missing_verified_lesion_id
ISIC_0012511_downsampled,1,missing_verified_lesion_id
ISIC_0012512_downsampled,0,missing_verified_lesion_id
ISIC_0012513_downsampled,4,missing_verified_lesion_id
ISIC_0012516_downsampled,4,missing_verified_lesion_id
ISIC_0012517_downsampled,4,missing_verified_lesion_id
ISIC_0012518_downsampled,1,missing_verified_lesion_id
ISIC_0012520_downsampled,1,missing_verified_lesion_id
ISIC_0012521_downsampled,1,missing_verified_lesion_id
ISIC_0012522_downsampled,4,missing_verified_lesion_id
ISIC_0012523_downsampled,1,missing_verified_lesion_id
ISIC_0012526_downsampled,1,missing_verified_lesion_id
ISIC_0012527_downsampled,4,missing_verified_lesion_id
ISIC_0012529_downsampled,1,missing_verified_lesion_id
ISIC_0012537_downsampled,4,missing_verified_lesion_id
ISIC_0012538_downsampled,1,missing_verified_lesion_id
ISIC_0012539_downsampled,1,missing_verified_lesion_id
ISIC_0012543_downsampled,4,missing_verified_lesion_id
ISIC_0012544_downsampled,1,missing_verified_lesion_id
ISIC_0012547_downsampled,1,missing_verified_lesion_id
ISIC_0012548_downsampled,4,missing_verified_lesion_id
ISIC_0012549_downsampled,1,missing_verified_lesion_id
ISIC_0012550_downsampled,1,missing_verified_lesion_id
ISIC_0012551_downsampled,1,missing_verified_lesion_id
ISIC_0014567_downsampled,4,missing_verified_lesion_id
ISIC_0014568_downsampled,4,missing_verified_lesion_id
ISIC_0014569_downsampled,4,missing_verified_lesion_id
ISIC_0014570_downsampled,4,missing_verified_lesion_id
ISIC_0014571_downsampled,4,missing_verified_lesion_id
ISIC_0014572_downsampled,4,missing_verified_lesion_id
ISIC_0014573_downsampled,4,missing_verified_lesion_id
ISIC_0014574_downsampled,4,missing_verified_lesion_id
ISIC_0014575_downsampled,4,missing_verified_lesion_id
ISIC_0014576_downsampled,4,missing_verified_lesion_id
ISIC_0014577_downsampled,4,missing_verified_lesion_id
ISIC_0014578_downsampled,4,missing_verified_lesion_id
ISIC_0014579_downsampled,4,missing_verified_lesion_id
ISIC_0014580_downsampled,4,missing_verified_lesion_id
ISIC_0014581_downsampled,4,missing_verified_lesion_id
ISIC_0014582_downsampled,4,missing_verified_lesion_id
ISIC_0014583_downsampled,4,missing_verified_lesion_id
ISIC_0014585_downsampled,4,missing_verified_lesion_id
ISIC_0014586_downsampled,4,missing_verified_lesion_id
ISIC_0014587_downsampled,4,missing_verified_lesion_id
ISIC_0014588_downsampled,4,missing_verified_lesion_id
ISIC_0014589_downsampled,4,missing_verified_lesion_id
ISIC_0014590_downsampled,4,missing_verified_lesion_id
ISIC_0014591_downsampled,4,missing_verified_lesion_id
ISIC_0014592_downsampled,4,missing_verified_lesion_id
ISIC_0014593_downsampled,4,missing_verified_lesion_id
ISIC_0014594_downsampled,4,missing_verified_lesion_id
ISIC_0014595_downsampled,4,missing_verified_lesion_id
ISIC_0014596_downsampled,4,missing_verified_lesion_id
ISIC_0014597_downsampled,4,missing_verified_lesion_id
ISIC_0014598_downsampled,4,missing_verified_lesion_id
ISIC_0014599_downsampled,4,missing_verified_lesion_id
ISIC_0014600_downsampled,4,missing_verified_lesion_id
ISIC_0014601_downsampled,4,missing_verified_lesion_id
ISIC_0014602_downsampled,4,missing_verified_lesion_id
ISIC_0014603_downsampled,4,missing_verified_lesion_id
ISIC_0014605_downsampled,4,missing_verified_lesion_id
ISIC_0014606_downsampled,4,missing_verified_lesion_id
ISIC_0014607_downsampled,4,missing_verified_lesion_id
ISIC_0014608_downsampled,4,missing_verified_lesion_id
ISIC_0014609_downsampled,4,missing_verified_lesion_id
ISIC_0014610_downsampled,4,missing_verified_lesion_id
ISIC_0014611_downsampled,4,missing_verified_lesion_id
ISIC_0014612_downsampled,4,missing_verified_lesion_id
ISIC_0014613_downsampled,4,missing_verified_lesion_id
ISIC_0014615_downsampled,4,missing_verified_lesion_id
ISIC_0014616_downsampled,4,missing_verified_lesion_id
ISIC_0014617_downsampled,4,missing_verified_lesion_id
ISIC_0014618_downsampled,4,missing_verified_lesion_id
ISIC_0014619_downsampled,4,missing_verified_lesion_id
ISIC_0014620_downsampled,4,missing_verified_lesion_id
ISIC_0014621_downsampled,4,missing_verified_lesion_id
ISIC_0014622_downsampled,4,missing_verified_lesion_id
ISIC_0014623_downsampled,4,missing_verified_lesion_id
ISIC_0014624_downsampled,4,missing_verified_lesion_id
ISIC_0014625_downsampled,4,missing_verified_lesion_id
ISIC_0014626_downsampled,4,missing_verified_lesion_id
ISIC_0014627_downsampled,4,missing_verified_lesion_id
ISIC_0014628_downsampled,4,missing_verified_lesion_id
ISIC_0014629_downsampled,4,missing_verified_lesion_id
ISIC_0014630_downsampled,4,missing_verified_lesion_id
ISIC_0014631_downsampled,4,missing_verified_lesion_id
ISIC_0014632_downsampled,4,missing_verified_lesion_id
ISIC_0014633_downsampled,4,missing_verified_lesion_id
ISIC_0014634_downsampled,4,missing_verified_lesion_id
ISIC_0014635_downsampled,4,missing_verified_lesion_id
ISIC_0014636_downsampled,4,missing_verified_lesion_id
ISIC_0014637_downsampled,4,missing_verified_lesion_id
ISIC_0014638_downsampled,4,missing_verified_lesion_id
ISIC_0014639_downsampled,4,missing_verified_lesion_id
ISIC_0014640_downsampled,4,missing_verified_lesion_id
ISIC_0014641_downsampled,4,missing_verified_lesion_id
ISIC_0014642_downsampled,4,missing_verified_lesion_id
ISIC_0014643_downsampled,4,missing_verified_lesion_id
ISIC_0014644_downsampled,4,missing_verified_lesion_id
ISIC_0014645_downsampled,4,missing_verified_lesion_id
ISIC_0014646_downsampled,4,missing_verified_lesion_id
ISIC_0014647_downsampled,4,missing_verified_lesion_id
ISIC_0014648_downsampled,4,missing_verified_lesion_id
ISIC_0014649_downsampled,4,missing_verified_lesion_id
ISIC_0014650_downsampled,4,missing_verified_lesion_id
ISIC_0014651_downsampled,4,missing_verified_lesion_id
ISIC_0014652_downsampled,4,missing_verified_lesion_id
ISIC_0014653_downsampled,4,missing_verified_lesion_id
ISIC_0014654_downsampled,4,missing_verified_lesion_id
ISIC_0014657_downsampled,1,missing_verified_lesion_id
ISIC_0014658_downsampled,1,missing_verified_lesion_id
ISIC_0014661_downsampled,1,missing_verified_lesion_id
ISIC_0014663_downsampled,0,missing_verified_lesion_id
ISIC_0014664_downsampled,1,missing_verified_lesion_id
ISIC_0014665_downsampled,1,missing_verified_lesion_id
ISIC_0014666_downsampled,0,missing_verified_lesion_id
ISIC_0014667_downsampled,1,missing_verified_lesion_id
ISIC_0014675_downsampled,1,missing_verified_lesion_id
ISIC_0014677_downsampled,1,missing_verified_lesion_id
ISIC_0014680_downsampled,1,missing_verified_lesion_id
ISIC_0014682_downsampled,1,missing_verified_lesion_id
ISIC_0014683_downsampled,1,missing_verified_lesion_id
ISIC_0014684_downsampled,1,missing_verified_lesion_id
ISIC_0014685_downsampled,1,missing_verified_lesion_id
ISIC_0014687_downsampled,1,missing_verified_lesion_id
ISIC_0014688_downsampled,0,missing_verified_lesion_id
ISIC_0014692_downsampled,1,missing_verified_lesion_id
ISIC_0014693_downsampled,1,missing_verified_lesion_id
ISIC_0014694_downsampled,1,missing_verified_lesion_id
ISIC_0014695_downsampled,0,missing_verified_lesion_id
ISIC_0014696_downsampled,1,missing_verified_lesion_id
ISIC_0014697_downsampled,1,missing_verified_lesion_id
ISIC_0014698_downsampled,1,missing_verified_lesion_id
ISIC_0014699_downsampled,1,missing_verified_lesion_id
ISIC_0014702_downsampled,1,missing_verified_lesion_id
ISIC_0014703_downsampled,0,missing_verified_lesion_id
ISIC_0014707_downsampled,1,missing_verified_lesion_id
ISIC_0014708_downsampled,1,missing_verified_lesion_id
ISIC_0014711_downsampled,4,missing_verified_lesion_id
ISIC_0014712_downsampled,4,missing_verified_lesion_id
ISIC_0014713_downsampled,1,missing_verified_lesion_id
ISIC_0014714_downsampled,1,missing_verified_lesion_id
ISIC_0014715_downsampled,1,missing_verified_lesion_id
ISIC_0014716_downsampled,1,missing_verified_lesion_id
ISIC_0014720_downsampled,1,missing_verified_lesion_id
ISIC_0014722_downsampled,0,missing_verified_lesion_id
ISIC_0014723_downsampled,4,missing_verified_lesion_id
ISIC_0014724_downsampled,1,missing_verified_lesion_id
ISIC_0014725_downsampled,1,missing_verified_lesion_id
ISIC_0014726_downsampled,1,missing_verified_lesion_id
ISIC_0014727_downsampled,0,missing_verified_lesion_id
ISIC_0014728_downsampled,1,missing_verified_lesion_id
ISIC_0014729_downsampled,1,missing_verified_lesion_id
ISIC_0014730_downsampled,1,missing_verified_lesion_id
ISIC_0014731_downsampled,1,missing_verified_lesion_id
ISIC_0014735_downsampled,0,missing_verified_lesion_id
ISIC_0014739_downsampled,1,missing_verified_lesion_id
ISIC_0014740_downsampled,1,missing_verified_lesion_id
ISIC_0014742_downsampled,1,missing_verified_lesion_id
ISIC_0014743_downsampled,1,missing_verified_lesion_id
ISIC_0014745_downsampled,1,missing_verified_lesion_id
ISIC_0014746_downsampled,1,missing_verified_lesion_id
ISIC_0014748_downsampled,1,missing_verified_lesion_id
ISIC_0014749_downsampled,1,missing_verified_lesion_id
ISIC_0014753_downsampled,1,missing_verified_lesion_id
ISIC_0014754_downsampled,1,missing_verified_lesion_id
ISIC_0014755_downsampled,1,missing_verified_lesion_id
ISIC_0014760_downsampled,1,missing_verified_lesion_id
ISIC_0014762_downsampled,1,missing_verified_lesion_id
ISIC_0014763_downsampled,1,missing_verified_lesion_id
ISIC_0014765_downsampled,1,missing_verified_lesion_id
ISIC_0014766_downsampled,0,missing_verified_lesion_id
ISIC_0014768_downsampled,1,missing_verified_lesion_id
ISIC_0014769_downsampled,1,missing_verified_lesion_id
ISIC_0014770_downsampled,4,missing_verified_lesion_id
ISIC_0014771_downsampled,1,missing_verified_lesion_id
ISIC_0014772_downsampled,0,missing_verified_lesion_id
ISIC_0014773_downsampled,1,missing_verified_lesion_id
ISIC_0014775_downsampled,1,missing_verified_lesion_id
ISIC_0014778_downsampled,1,missing_verified_lesion_id
ISIC_0014779_downsampled,1,missing_verified_lesion_id
ISIC_0014780_downsampled,1,missing_verified_lesion_id
ISIC_0014782_downsampled,1,missing_verified_lesion_id
ISIC_0014783_downsampled,1,missing_verified_lesion_id
ISIC_0014784_downsampled,0,missing_verified_lesion_id
ISIC_0014785_downsampled,1,missing_verified_lesion_id
ISIC_0014786_downsampled,1,missing_verified_lesion_id
ISIC_0014787_downsampled,1,missing_verified_lesion_id
ISIC_0014788_downsampled,0,missing_verified_lesion_id
ISIC_0014790_downsampled,0,missing_verified_lesion_id
ISIC_0014791_downsampled,1,missing_verified_lesion_id
ISIC_0014792_downsampled,1,missing_verified_lesion_id
ISIC_0014793_downsampled,4,missing_verified_lesion_id
ISIC_0014794_downsampled,1,missing_verified_lesion_id
ISIC_0014795_downsampled,0,missing_verified_lesion_id
ISIC_0014796_downsampled,1,missing_verified_lesion_id
ISIC_0014797_downsampled,1,missing_verified_lesion_id
ISIC_0014798_downsampled,1,missing_verified_lesion_id
ISIC_0014800_downsampled,0,missing_verified_lesion_id
ISIC_0014802_downsampled,1,missing_verified_lesion_id
ISIC_0014803_downsampled,1,missing_verified_lesion_id
ISIC_0014804_downsampled,4,missing_verified_lesion_id
ISIC_0014805_downsampled,1,missing_verified_lesion_id
ISIC_0014806_downsampled,4,missing_verified_lesion_id
ISIC_0014807_downsampled,1,missing_verified_lesion_id
ISIC_0014808_downsampled,1,missing_verified_lesion_id
ISIC_0014809_downsampled,0,missing_verified_lesion_id
ISIC_0014811_downsampled,4,missing_verified_lesion_id
ISIC_0014812_downsampled,1,missing_verified_lesion_id
ISIC_0014814_downsampled,1,missing_verified_lesion_id
ISIC_0014815_downsampled,1,missing_verified_lesion_id
ISIC_0014818_downsampled,1,missing_verified_lesion_id
ISIC_0014819_downsampled,4,missing_verified_lesion_id
ISIC_0014820_downsampled,1,missing_verified_lesion_id
ISIC_0014821_downsampled,1,missing_verified_lesion_id
ISIC_0014822_downsampled,1,missing_verified_lesion_id
ISIC_0014823_downsampled,4,missing_verified_lesion_id
ISIC_0014825_downsampled,1,missing_verified_lesion_id
ISIC_0014826_downsampled,0,missing_verified_lesion_id
ISIC_0014829_downsampled,1,missing_verified_lesion_id
ISIC_0014830_downsampled,1,missing_verified_lesion_id
ISIC_0014831_downsampled,4,missing_verified_lesion_id
ISIC_0014832_downsampled,0,missing_verified_lesion_id
ISIC_0014833_downsampled,1,missing_verified_lesion_id
ISIC_0014834_downsampled,1,missing_verified_lesion_id
ISIC_0014835_downsampled,1,missing_verified_lesion_id
ISIC_0014836_downsampled,1,missing_verified_lesion_id
ISIC_0014838_downsampled,1,missing_verified_lesion_id
ISIC_0014839_downsampled,1,missing_verified_lesion_id
ISIC_0014843_downsampled,1,missing_verified_lesion_id
ISIC_0014844_downsampled,1,missing_verified_lesion_id
ISIC_0014845_downsampled,1,missing_verified_lesion_id
ISIC_0014846_downsampled,1,missing_verified_lesion_id
ISIC_0014848_downsampled,1,missing_verified_lesion_id
ISIC_0014849_downsampled,1,missing_verified_lesion_id
ISIC_0014850_downsampled,1,missing_verified_lesion_id
ISIC_0014851_downsampled,1,missing_verified_lesion_id
ISIC_0014853_downsampled,1,missing_verified_lesion_id
ISIC_0014854_downsampled,1,missing_verified_lesion_id
ISIC_0014855_downsampled,1,missing_verified_lesion_id
ISIC_0014857_downsampled,0,missing_verified_lesion_id
ISIC_0014860_downsampled,1,missing_verified_lesion_id
ISIC_0014862_downsampled,0,missing_verified_lesion_id
ISIC_0014863_downsampled,1,missing_verified_lesion_id
ISIC_0014866_downsampled,1,missing_verified_lesion_id
ISIC_0014867_downsampled,1,missing_verified_lesion_id
ISIC_0014868_downsampled,1,missing_verified_lesion_id
ISIC_0014869_downsampled,1,missing_verified_lesion_id
ISIC_0014872_downsampled,0,missing_verified_lesion_id
ISIC_0014876_downsampled,1,missing_verified_lesion_id
ISIC_0014879_downsampled,1,missing_verified_lesion_id
ISIC_0014883_downsampled,0,missing_verified_lesion_id
ISIC_0014890_downsampled,1,missing_verified_lesion_id
ISIC_0014891_downsampled,0,missing_verified_lesion_id
ISIC_0014897_downsampled,0,missing_verified_lesion_id
ISIC_0014898_downsampled,1,missing_verified_lesion_id
ISIC_0014901_downsampled,1,missing_verified_lesion_id
ISIC_0014903_downsampled,1,missing_verified_lesion_id
ISIC_0014904_downsampled,1,missing_verified_lesion_id
ISIC_0014907_downsampled,1,missing_verified_lesion_id
ISIC_0014908_downsampled,1,missing_verified_lesion_id
ISIC_0014910_downsampled,1,missing_verified_lesion_id
ISIC_0014911_downsampled,1,missing_verified_lesion_id
ISIC_0014912_downsampled,0,missing_verified_lesion_id
ISIC_0014913_downsampled,1,missing_verified_lesion_id
ISIC_0014915_downsampled,1,missing_verified_lesion_id
ISIC_0014919_downsampled,0,missing_verified_lesion_id
ISIC_0014920_downsampled,0,missing_verified_lesion_id
ISIC_0014921_downsampled,1,missing_verified_lesion_id
ISIC_0014922_downsampled,0,missing_verified_lesion_id
ISIC_0014923_downsampled,1,missing_verified_lesion_id
ISIC_0014925_downsampled,1,missing_verified_lesion_id
ISIC_0014926_downsampled,1,missing_verified_lesion_id
ISIC_0014927_downsampled,1,missing_verified_lesion_id
ISIC_0014928_downsampled,0,missing_verified_lesion_id
ISIC_0014929_downsampled,1,missing_verified_lesion_id
ISIC_0014930_downsampled,1,missing_verified_lesion_id
ISIC_0014931_downsampled,0,missing_verified_lesion_id
ISIC_0014932_downsampled,0,missing_verified_lesion_id
ISIC_0014933_downsampled,1,missing_verified_lesion_id
ISIC_0014936_downsampled,1,missing_verified_lesion_id
ISIC_0014937_downsampled,1,missing_verified_lesion_id
ISIC_0014938_downsampled,1,missing_verified_lesion_id
ISIC_0014940_downsampled,1,missing_verified_lesion_id
ISIC_0014941_downsampled,1,missing_verified_lesion_id
ISIC_0014942_downsampled,1,missing_verified_lesion_id
ISIC_0014943_downsampled,1,missing_verified_lesion_id
ISIC_0014944_downsampled,1,missing_verified_lesion_id
ISIC_0014945_downsampled,1,missing_verified_lesion_id
ISIC_0014946_downsampled,0,missing_verified_lesion_id
ISIC_0014947_downsampled,1,missing_verified_lesion_id
ISIC_0014948_downsampled,1,missing_verified_lesion_id
ISIC_0014949_downsampled,1,missing_verified_lesion_id
ISIC_0014951_downsampled,0,missing_verified_lesion_id
ISIC_0014952_downsampled,1,missing_verified_lesion_id
ISIC_0014955_downsampled,1,missing_verified_lesion_id
ISIC_0014956_downsampled,1,missing_verified_lesion_id
ISIC_0014957_downsampled,1,missing_verified_lesion_id
ISIC_0014958_downsampled,1,missing_verified_lesion_id
ISIC_0014959_downsampled,1,missing_verified_lesion_id
ISIC_0014961_downsampled,1,missing_verified_lesion_id
ISIC_0014962_downsampled,1,missing_verified_lesion_id
ISIC_0014963_downsampled,0,missing_verified_lesion_id
ISIC_0014964_downsampled,1,missing_verified_lesion_id
ISIC_0014966_downsampled,1,missing_verified_lesion_id
ISIC_0014968_downsampled,1,missing_verified_lesion_id
ISIC_0014969_downsampled,1,missing_verified_lesion_id
ISIC_0014973_downsampled,1,missing_verified_lesion_id
ISIC_0014974_downsampled,1,missing_verified_lesion_id
ISIC_0014975_downsampled,0,missing_verified_lesion_id
ISIC_0014977_downsampled,1,missing_verified_lesion_id
ISIC_0014979_downsampled,0,missing_verified_lesion_id
ISIC_0014982_downsampled,0,missing_verified_lesion_id
ISIC_0014983_downsampled,0,missing_verified_lesion_id
ISIC_0014985_downsampled,0,missing_verified_lesion_id
ISIC_0014987_downsampled,0,missing_verified_lesion_id
ISIC_0014989_downsampled,1,missing_verified_lesion_id
ISIC_0014992_downsampled,1,missing_verified_lesion_id
ISIC_0014994_downsampled,1,missing_verified_lesion_id
ISIC_0014998_downsampled,1,missing_verified_lesion_id
ISIC_0015002_downsampled,1,missing_verified_lesion_id
ISIC_0015003_downsampled,1,missing_verified_lesion_id
ISIC_0015004_downsampled,0,missing_verified_lesion_id
ISIC_0015005_downsampled,0,missing_verified_lesion_id
ISIC_0015006_downsampled,4,missing_verified_lesion_id
ISIC_0015007_downsampled,1,missing_verified_lesion_id
ISIC_0015008_downsampled,1,missing_verified_lesion_id
ISIC_0015009_downsampled,1,missing_verified_lesion_id
ISIC_0015011_downsampled,1,missing_verified_lesion_id
ISIC_0015013_downsampled,1,missing_verified_lesion_id
ISIC_0015015_downsampled,1,missing_verified_lesion_id
ISIC_0015016_downsampled,1,missing_verified_lesion_id
ISIC_0015018_downsampled,1,missing_verified_lesion_id
ISIC_0015019_downsampled,1,missing_verified_lesion_id
ISIC_0015020_downsampled,1,missing_verified_lesion_id
ISIC_0015021_downsampled,1,missing_verified_lesion_id
ISIC_0015023_downsampled,1,missing_verified_lesion_id
ISIC_0015026_downsampled,1,missing_verified_lesion_id
ISIC_0015030_downsampled,1,missing_verified_lesion_id
ISIC_0015031_downsampled,1,missing_verified_lesion_id
ISIC_0015032_downsampled,4,missing_verified_lesion_id
ISIC_0015034_downsampled,1,missing_verified_lesion_id
ISIC_0015035_downsampled,1,missing_verified_lesion_id
ISIC_0015037_downsampled,1,missing_verified_lesion_id
ISIC_0015038_downsampled,4,missing_verified_lesion_id
ISIC_0015040_downsampled,1,missing_verified_lesion_id
ISIC_0015041_downsampled,0,missing_verified_lesion_id
ISIC_0015043_downsampled,1,missing_verified_lesion_id
ISIC_0015044_downsampled,4,missing_verified_lesion_id
ISIC_0015045_downsampled,0,missing_verified_lesion_id
ISIC_0015046_downsampled,0,missing_verified_lesion_id
ISIC_0015050_downsampled,0,missing_verified_lesion_id
ISIC_0015051_downsampled,1,missing_verified_lesion_id
ISIC_0015056_downsampled,1,missing_verified_lesion_id
ISIC_0015057_downsampled,1,missing_verified_lesion_id
ISIC_0015060_downsampled,1,missing_verified_lesion_id
ISIC_0015062_downsampled,4,missing_verified_lesion_id
ISIC_0015064_downsampled,1,missing_verified_lesion_id
ISIC_0015071_downsampled,0,missing_verified_lesion_id
ISIC_0015078_downsampled,1,missing_verified_lesion_id
ISIC_0015079_downsampled,0,missing_verified_lesion_id
ISIC_0015082_downsampled,0,missing_verified_lesion_id
ISIC_0015089_downsampled,1,missing_verified_lesion_id
ISIC_0015102_downsampled,1,missing_verified_lesion_id
ISIC_0015108_downsampled,4,missing_verified_lesion_id
ISIC_0015109_downsampled,0,missing_verified_lesion_id
ISIC_0015110_downsampled,0,missing_verified_lesion_id
ISIC_0015112_downsampled,4,missing_verified_lesion_id
ISIC_0015113_downsampled,4,missing_verified_lesion_id
ISIC_0015115_downsampled,0,missing_verified_lesion_id
ISIC_0015118_downsampled,1,missing_verified_lesion_id
ISIC_0015119_downsampled,0,missing_verified_lesion_id
ISIC_0015124_downsampled,0,missing_verified_lesion_id
ISIC_0015125_downsampled,1,missing_verified_lesion_id
ISIC_0015127_downsampled,0,missing_verified_lesion_id
ISIC_0015129_downsampled,1,missing_verified_lesion_id
ISIC_0015130_downsampled,1,missing_verified_lesion_id
ISIC_0015132_downsampled,0,missing_verified_lesion_id
ISIC_0015133_downsampled,0,missing_verified_lesion_id
ISIC_0015136_downsampled,0,missing_verified_lesion_id
ISIC_0015139_downsampled,1,missing_verified_lesion_id
ISIC_0015140_downsampled,1,missing_verified_lesion_id
ISIC_0015142_downsampled,0,missing_verified_lesion_id
ISIC_0015144_downsampled,1,missing_verified_lesion_id
ISIC_0015146_downsampled,1,missing_verified_lesion_id
ISIC_0015149_downsampled,1,missing_verified_lesion_id
ISIC_0015150_downsampled,1,missing_verified_lesion_id
ISIC_0015152_downsampled,1,missing_verified_lesion_id
ISIC_0015153_downsampled,4,missing_verified_lesion_id
ISIC_0015155_downsampled,1,missing_verified_lesion_id
ISIC_0015156_downsampled,0,missing_verified_lesion_id
ISIC_0015157_downsampled,1,missing_verified_lesion_id
ISIC_0015158_downsampled,4,missing_verified_lesion_id
ISIC_0015160_downsampled,1,missing_verified_lesion_id
ISIC_0015161_downsampled,1,missing_verified_lesion_id
ISIC_0015163_downsampled,0,missing_verified_lesion_id
ISIC_0015166_downsampled,0,missing_verified_lesion_id
ISIC_0015167_downsampled,0,missing_verified_lesion_id
ISIC_0015168_downsampled,4,missing_verified_lesion_id
ISIC_0015170_downsampled,4,missing_verified_lesion_id
ISIC_0015171_downsampled,1,missing_verified_lesion_id
ISIC_0015173_downsampled,1,missing_verified_lesion_id
ISIC_0015174_downsampled,1,missing_verified_lesion_id
ISIC_0015175_downsampled,1,missing_verified_lesion_id
ISIC_0015176_downsampled,1,missing_verified_lesion_id
ISIC_0015179_downsampled,1,missing_verified_lesion_id
ISIC_0015180_downsampled,0,missing_verified_lesion_id
ISIC_0015181_downsampled,4,missing_verified_lesion_id
ISIC_0015182_downsampled,4,missing_verified_lesion_id
ISIC_0015184_downsampled,1,missing_verified_lesion_id
ISIC_0015185_downsampled,0,missing_verified_lesion_id
ISIC_0015189_downsampled,0,missing_verified_lesion_id
ISIC_0015190_downsampled,0,missing_verified_lesion_id
ISIC_0015193_downsampled,0,missing_verified_lesion_id
ISIC_0015200_downsampled,0,missing_verified_lesion_id
ISIC_0015201_downsampled,1,missing_verified_lesion_id
ISIC_0015202_downsampled,1,missing_verified_lesion_id
ISIC_0015203_downsampled,1,missing_verified_lesion_id
ISIC_0015204_downsampled,0,missing_verified_lesion_id
ISIC_0015206_downsampled,0,missing_verified_lesion_id
ISIC_0015207_downsampled,1,missing_verified_lesion_id
ISIC_0015208_downsampled,1,missing_verified_lesion_id
ISIC_0015211_downsampled,1,missing_verified_lesion_id
ISIC_0015212_downsampled,1,missing_verified_lesion_id
ISIC_0015215_downsampled,1,missing_verified_lesion_id
ISIC_0015216_downsampled,1,missing_verified_lesion_id
ISIC_0015217_downsampled,1,missing_verified_lesion_id
ISIC_0015218_downsampled,1,missing_verified_lesion_id
ISIC_0015219_downsampled,0,missing_verified_lesion_id
ISIC_0015220_downsampled,4,missing_verified_lesion_id
ISIC_0015223_downsampled,1,missing_verified_lesion_id
ISIC_0015224_downsampled,1,missing_verified_lesion_id
ISIC_0015226_downsampled,1,missing_verified_lesion_id
ISIC_0015229_downsampled,0,missing_verified_lesion_id
ISIC_0015232_downsampled,1,missing_verified_lesion_id
ISIC_0015233_downsampled,4,missing_verified_lesion_id
ISIC_0015237_downsampled,1,missing_verified_lesion_id
ISIC_0015241_downsampled,1,missing_verified_lesion_id
ISIC_0015243_downsampled,0,missing_verified_lesion_id
ISIC_0015244_downsampled,1,missing_verified_lesion_id
ISIC_0015245_downsampled,1,missing_verified_lesion_id
ISIC_0015250_downsampled,1,missing_verified_lesion_id
ISIC_0015251_downsampled,0,missing_verified_lesion_id
ISIC_0015254_downsampled,1,missing_verified_lesion_id
ISIC_0015255_downsampled,1,missing_verified_lesion_id
ISIC_0015256_downsampled,0,missing_verified_lesion_id
ISIC_0015258_downsampled,1,missing_verified_lesion_id
ISIC_0015260_downsampled,4,missing_verified_lesion_id
ISIC_0015264_downsampled,1,missing_verified_lesion_id
ISIC_0015270_downsampled,1,missing_verified_lesion_id
ISIC_0015273_downsampled,1,missing_verified_lesion_id
ISIC_0015274_downsampled,1,missing_verified_lesion_id
ISIC_0015276_downsampled,1,missing_verified_lesion_id
ISIC_0015279_downsampled,1,missing_verified_lesion_id
ISIC_0015283_downsampled,1,missing_verified_lesion_id
ISIC_0015284_downsampled,0,missing_verified_lesion_id
ISIC_0015291_downsampled,1,missing_verified_lesion_id
ISIC_0015293_downsampled,1,missing_verified_lesion_id
ISIC_0015295_downsampled,4,missing_verified_lesion_id
ISIC_0015298_downsampled,1,missing_verified_lesion_id
ISIC_0015309_downsampled,1,missing_verified_lesion_id
ISIC_0015310_downsampled,1,missing_verified_lesion_id
ISIC_0015311_downsampled,1,missing_verified_lesion_id
ISIC_0015312_downsampled,1,missing_verified_lesion_id
ISIC_0015313_downsampled,1,missing_verified_lesion_id
ISIC_0015330_downsampled,1,missing_verified_lesion_id
ISIC_0015331_downsampled,1,missing_verified_lesion_id
ISIC_0015347_downsampled,1,missing_verified_lesion_id
ISIC_0015353_downsampled,1,missing_verified_lesion_id
ISIC_0015355_downsampled,1,missing_verified_lesion_id
ISIC_0015357_downsampled,1,missing_verified_lesion_id
ISIC_0015360_downsampled,1,missing_verified_lesion_id
ISIC_0015363_downsampled,1,missing_verified_lesion_id
ISIC_0015364_downsampled,1,missing_verified_lesion_id
ISIC_0015368_downsampled,1,missing_verified_lesion_id
ISIC_0015369_downsampled,1,missing_verified_lesion_id
ISIC_0015372_downsampled,1,missing_verified_lesion_id
ISIC_0015383_downsampled,1,missing_verified_lesion_id
ISIC_0015386_downsampled,1,missing_verified_lesion_id
ISIC_0015390_downsampled,1,missing_verified_lesion_id
ISIC_0015395_downsampled,1,missing_verified_lesion_id
ISIC_0015401_downsampled,1,missing_verified_lesion_id
ISIC_0015403_downsampled,1,missing_verified_lesion_id
ISIC_0015404_downsampled,1,missing_verified_lesion_id
ISIC_0015411_downsampled,1,missing_verified_lesion_id
ISIC_0015412_downsampled,1,missing_verified_lesion_id
ISIC_0015416_downsampled,1,missing_verified_lesion_id
ISIC_0015417_downsampled,1,missing_verified_lesion_id
ISIC_0015418_downsampled,1,missing_verified_lesion_id
ISIC_0015419_downsampled,1,missing_verified_lesion_id
ISIC_0015436_downsampled,1,missing_verified_lesion_id
ISIC_0015440_downsampled,1,missing_verified_lesion_id
ISIC_0015443_downsampled,1,missing_verified_lesion_id
ISIC_0015445_downsampled,1,missing_verified_lesion_id
ISIC_0015447_downsampled,1,missing_verified_lesion_id
ISIC_0015455_downsampled,1,missing_verified_lesion_id
ISIC_0015464_downsampled,1,missing_verified_lesion_id
ISIC_0015466_downsampled,1,missing_verified_lesion_id
ISIC_0015468_downsampled,1,missing_verified_lesion_id
ISIC_0015476_downsampled,1,missing_verified_lesion_id
ISIC_0015481_downsampled,1,missing_verified_lesion_id
ISIC_0015482_downsampled,1,missing_verified_lesion_id
ISIC_0015483_downsampled,1,missing_verified_lesion_id
ISIC_0015485_downsampled,1,missing_verified_lesion_id
ISIC_0015496_downsampled,1,missing_verified_lesion_id
ISIC_0015510_downsampled,1,missing_verified_lesion_id
ISIC_0015526_downsampled,1,missing_verified_lesion_id
ISIC_0015537_downsampled,1,missing_verified_lesion_id
ISIC_0015544_downsampled,1,missing_verified_lesion_id
ISIC_0015559_downsampled,1,missing_verified_lesion_id
ISIC_0015563_downsampled,1,missing_verified_lesion_id
ISIC_0015566_downsampled,1,missing_verified_lesion_id
ISIC_0015568_downsampled,1,missing_verified_lesion_id
ISIC_0015582_downsampled,1,missing_verified_lesion_id
ISIC_0015593_downsampled,1,missing_verified_lesion_id
ISIC_0015603_downsampled,1,missing_verified_lesion_id
ISIC_0015607_downsampled,1,missing_verified_lesion_id
ISIC_0015614_downsampled,1,missing_verified_lesion_id
ISIC_0015617_downsampled,1,missing_verified_lesion_id
ISIC_0015625_downsampled,1,missing_verified_lesion_id
ISIC_0015627_downsampled,1,missing_verified_lesion_id
ISIC_0015631_downsampled,1,missing_verified_lesion_id
ISIC_0015636_downsampled,1,missing_verified_lesion_id
ISIC_0015638_downsampled,1,missing_verified_lesion_id
ISIC_0015641_downsampled,1,missing_verified_lesion_id
ISIC_0015645_downsampled,1,missing_verified_lesion_id
ISIC_0015936_downsampled,1,missing_verified_lesion_id
ISIC_0015937_downsampled,1,missing_verified_lesion_id
ISIC_0015938_downsampled,1,missing_verified_lesion_id
ISIC_0015939_downsampled,1,missing_verified_lesion_id
ISIC_0015940_downsampled,1,missing_verified_lesion_id
ISIC_0015941_downsampled,1,missing_verified_lesion_id
ISIC_0015942_downsampled,1,missing_verified_lesion_id
ISIC_0015943_downsampled,1,missing_verified_lesion_id
ISIC_0015944_downsampled,1,missing_verified_lesion_id
ISIC_0015945_downsampled,1,missing_verified_lesion_id
ISIC_0015946_downsampled,1,missing_verified_lesion_id
ISIC_0015947_downsampled,1,missing_verified_lesion_id
ISIC_0015948_downsampled,1,missing_verified_lesion_id
ISIC_0015949_downsampled,1,missing_verified_lesion_id
ISIC_0015950_downsampled,1,missing_verified_lesion_id
ISIC_0015951_downsampled,1,missing_verified_lesion_id
ISIC_0015952_downsampled,1,missing_verified_lesion_id
ISIC_0015953_downsampled,1,missing_verified_lesion_id
ISIC_0015954_downsampled,1,missing_verified_lesion_id
ISIC_0015955_downsampled,1,missing_verified_lesion_id
ISIC_0015956_downsampled,1,missing_verified_lesion_id
ISIC_0015957_downsampled,1,missing_verified_lesion_id
ISIC_0015958_downsampled,1,missing_verified_lesion_id
ISIC_0015959_downsampled,1,missing_verified_lesion_id
ISIC_0015960_downsampled,1,missing_verified_lesion_id
ISIC_0015961_downsampled,1,missing_verified_lesion_id
ISIC_0015962_downsampled,1,missing_verified_lesion_id
ISIC_0015963_downsampled,1,missing_verified_lesion_id
ISIC_0015964_downsampled,1,missing_verified_lesion_id
ISIC_0015965_downsampled,1,missing_verified_lesion_id
ISIC_0015966_downsampled,1,missing_verified_lesion_id
ISIC_0015967_downsampled,1,missing_verified_lesion_id
ISIC_0015968_downsampled,1,missing_verified_lesion_id
ISIC_0015969_downsampled,1,missing_verified_lesion_id
ISIC_0015971_downsampled,1,missing_verified_lesion_id
ISIC_0015972_downsampled,1,missing_verified_lesion_id
ISIC_0015973_downsampled,1,missing_verified_lesion_id
ISIC_0015974_downsampled,1,missing_verified_lesion_id
ISIC_0015975_downsampled,1,missing_verified_lesion_id
ISIC_0015976_downsampled,1,missing_verified_lesion_id
ISIC_0015978_downsampled,1,missing_verified_lesion_id
ISIC_0015980_downsampled,1,missing_verified_lesion_id
ISIC_0015981_downsampled,1,missing_verified_lesion_id
ISIC_0015983_downsampled,1,missing_verified_lesion_id
ISIC_0015984_downsampled,1,missing_verified_lesion_id
ISIC_0015985_downsampled,1,missing_verified_lesion_id
ISIC_0015986_downsampled,1,missing_verified_lesion_id
ISIC_0015987_downsampled,1,missing_verified_lesion_id
ISIC_0015988_downsampled,1,missing_verified_lesion_id
ISIC_0015989_downsampled,1,missing_verified_lesion_id
ISIC_0015990_downsampled,1,missing_verified_lesion_id
ISIC_0015991_downsampled,1,missing_verified_lesion_id
ISIC_0015992_downsampled,1,missing_verified_lesion_id
ISIC_0015993_downsampled,1,missing_verified_lesion_id
ISIC_0015994_downsampled,1,missing_verified_lesion_id
ISIC_0015995_downsampled,1,missing_verified_lesion_id
ISIC_0015996_downsampled,1,missing_verified_lesion_id
ISIC_0015997_downsampled,1,missing_verified_lesion_id
ISIC_0015998_downsampled,1,missing_verified_lesion_id
ISIC_0015999_downsampled,1,missing_verified_lesion_id
ISIC_0016000_downsampled,1,missing_verified_lesion_id
ISIC_0016003_downsampled,1,missing_verified_lesion_id
ISIC_0016004_downsampled,1,missing_verified_lesion_id
ISIC_0016005_downsampled,1,missing_verified_lesion_id
ISIC_0016006_downsampled,1,missing_verified_lesion_id
ISIC_0016007_downsampled,1,missing_verified_lesion_id
ISIC_0016008_downsampled,1,missing_verified_lesion_id
ISIC_0016009_downsampled,1,missing_verified_lesion_id
ISIC_0016011_downsampled,1,missing_verified_lesion_id
ISIC_0016012_downsampled,1,missing_verified_lesion_id
ISIC_0016013_downsampled,1,missing_verified_lesion_id
ISIC_0016014_downsampled,1,missing_verified_lesion_id
ISIC_0016015_downsampled,1,missing_verified_lesion_id
ISIC_0016016_downsampled,1,missing_verified_lesion_id
ISIC_0016017_downsampled,1,missing_verified_lesion_id
ISIC_0016019_downsampled,1,missing_verified_lesion_id
ISIC_0016022_downsampled,1,missing_verified_lesion_id
ISIC_0016023_downsampled,1,missing_verified_lesion_id
ISIC_0016024_downsampled,1,missing_verified_lesion_id
ISIC_0016025_downsampled,1,missing_verified_lesion_id
ISIC_0016026_downsampled,1,missing_verified_lesion_id
ISIC_0016027_downsampled,1,missing_verified_lesion_id
ISIC_0016028_downsampled,1,missing_verified_lesion_id
ISIC_0016029_downsampled,1,missing_verified_lesion_id
ISIC_0016030_downsampled,1,missing_verified_lesion_id
ISIC_0016031_downsampled,1,missing_verified_lesion_id
ISIC_0016033_downsampled,1,missing_verified_lesion_id
ISIC_0016034_downsampled,1,missing_verified_lesion_id
ISIC_0016035_downsampled,1,missing_verified_lesion_id
ISIC_0016036_downsampled,1,missing_verified_lesion_id
ISIC_0016037_downsampled,1,missing_verified_lesion_id
ISIC_0016038_downsampled,1,missing_verified_lesion_id
ISIC_0016040_downsampled,1,missing_verified_lesion_id
ISIC_0016041_downsampled,1,missing_verified_lesion_id
ISIC_0016042_downsampled,1,missing_verified_lesion_id
ISIC_0016043_downsampled,1,missing_verified_lesion_id
ISIC_0016044_downsampled,1,missing_verified_lesion_id
ISIC_0016045_downsampled,1,missing_verified_lesion_id
ISIC_0016046_downsampled,1,missing_verified_lesion_id
ISIC_0016048_downsampled,1,missing_verified_lesion_id
ISIC_0016049_downsampled,1,missing_verified_lesion_id
ISIC_0016050_downsampled,1,missing_verified_lesion_id
ISIC_0016051_downsampled,1,missing_verified_lesion_id
ISIC_0016052_downsampled,1,missing_verified_lesion_id
ISIC_0016053_downsampled,1,missing_verified_lesion_id
ISIC_0016054_downsampled,1,missing_verified_lesion_id
ISIC_0016055_downsampled,1,missing_verified_lesion_id
ISIC_0016056_downsampled,1,missing_verified_lesion_id
ISIC_0016057_downsampled,1,missing_verified_lesion_id
ISIC_0016058_downsampled,1,missing_verified_lesion_id
ISIC_0016059_downsampled,1,missing_verified_lesion_id
ISIC_0016060_downsampled,1,missing_verified_lesion_id
ISIC_0016061_downsampled,1,missing_verified_lesion_id
ISIC_0016062_downsampled,1,missing_verified_lesion_id
ISIC_0016063_downsampled,1,missing_verified_lesion_id
ISIC_0016064_downsampled,1,missing_verified_lesion_id
ISIC_0016065_downsampled,1,missing_verified_lesion_id
ISIC_0016066_downsampled,1,missing_verified_lesion_id
ISIC_0016068_downsampled,1,missing_verified_lesion_id
ISIC_0016069_downsampled,1,missing_verified_lesion_id
ISIC_0016070_downsampled,1,missing_verified_lesion_id
ISIC_0016071_downsampled,1,missing_verified_lesion_id
ISIC_0016072_downsampled,1,missing_verified_lesion_id
